-- MySQL Administrator dump 1.4
--
-- ------------------------------------------------------
-- Server version	5.5.5-10.1.34-MariaDB


/*!40101 SET @OLD_CHARACTER_SET_CLIENT=@@CHARACTER_SET_CLIENT */;
/*!40101 SET @OLD_CHARACTER_SET_RESULTS=@@CHARACTER_SET_RESULTS */;
/*!40101 SET @OLD_COLLATION_CONNECTION=@@COLLATION_CONNECTION */;
/*!40101 SET NAMES utf8 */;

/*!40014 SET @OLD_UNIQUE_CHECKS=@@UNIQUE_CHECKS, UNIQUE_CHECKS=0 */;
/*!40014 SET @OLD_FOREIGN_KEY_CHECKS=@@FOREIGN_KEY_CHECKS, FOREIGN_KEY_CHECKS=0 */;
/*!40101 SET @OLD_SQL_MODE=@@SQL_MODE, SQL_MODE='NO_AUTO_VALUE_ON_ZERO' */;


--
-- Create schema event_2
--

CREATE DATABASE IF NOT EXISTS event_2;
USE event_2;

--
-- Definition of table `category`
--

DROP TABLE IF EXISTS `category`;
CREATE TABLE `category` (
  `id` int(3) unsigned NOT NULL AUTO_INCREMENT,
  `name` varchar(100) NOT NULL DEFAULT '',
  PRIMARY KEY (`id`)
) ENGINE=InnoDB AUTO_INCREMENT=3 DEFAULT CHARSET=latin1;

--
-- Dumping data for table `category`
--

/*!40000 ALTER TABLE `category` DISABLE KEYS */;
INSERT INTO `category` (`id`,`name`) VALUES 
 (1,'Social Event'),
 (2,'Corporate Event');
/*!40000 ALTER TABLE `category` ENABLE KEYS */;


--
-- Definition of table `ci_sessions`
--

DROP TABLE IF EXISTS `ci_sessions`;
CREATE TABLE `ci_sessions` (
  `id` varchar(128) NOT NULL DEFAULT '',
  `ip_address` varchar(45) NOT NULL DEFAULT '',
  `timestamp` bigint(20) unsigned NOT NULL DEFAULT '0',
  `data` text NOT NULL,
  PRIMARY KEY (`id`)
) ENGINE=InnoDB DEFAULT CHARSET=latin1;

--
-- Dumping data for table `ci_sessions`
--

/*!40000 ALTER TABLE `ci_sessions` DISABLE KEYS */;
INSERT INTO `ci_sessions` (`id`,`ip_address`,`timestamp`,`data`) VALUES 
 ('0cealin2nte6u7lifs7mviaguqcpim92','::1',1548074724,'__ci_last_regenerate|i:1548074724;'),
 ('14hlflt60ffbq0gg40ttrqv9otbgbd9a','::1',1544779895,'__ci_last_regenerate|i:1544779895;'),
 ('1lnr746ta2ln4ao89qq4e0cltfk1mus9','::1',1547264926,'__ci_last_regenerate|i:1547264866;username|s:5:\"admin\";password|s:8:\"admin100\";role_id|s:1:\"3\";id|s:1:\"4\";'),
 ('1q8ksfbjqvs0qaljis76cka0sbs63vv0','::1',1545115631,'__ci_last_regenerate|i:1545115631;username|s:5:\"admin\";password|s:8:\"admin100\";role_id|s:1:\"3\";id|s:1:\"4\";'),
 ('1s5ali5hu7smaojhffksk323fg7mfhmc','::1',1544725127,'__ci_last_regenerate|i:1544725127;username|s:5:\"admin\";password|s:8:\"admin100\";role_id|s:1:\"3\";id|s:1:\"4\";'),
 ('1tach4qos5ese17q5s0601gbh62m1d1c','::1',1545113131,'__ci_last_regenerate|i:1545113131;username|s:5:\"admin\";password|s:8:\"admin100\";role_id|s:1:\"3\";id|s:1:\"4\";'),
 ('219sfpmi6hos2vgb88ao8fncleotqbrf','::1',1548057173,'__ci_last_regenerate|i:1548057173;'),
 ('22aalo36gb5ck6ro0e359n6lfefv0lkm','::1',1545069442,'__ci_last_regenerate|i:1545069442;'),
 ('24vhiug7ssgacm14al3au0ukkn5mltkl','::1',1547979298,'__ci_last_regenerate|i:1547979298;username|s:5:\"admin\";password|s:8:\"admin100\";role_id|s:1:\"3\";id|s:1:\"4\";'),
 ('27qs49nmo3m50mm4ru69104dbvu8ln1o','::1',1545112773,'__ci_last_regenerate|i:1545112773;username|s:5:\"admin\";password|s:8:\"admin100\";role_id|s:1:\"3\";id|s:1:\"4\";'),
 ('2buo57jctg6osd43iueqm88vil9ld5ip','::1',1547991398,'__ci_last_regenerate|i:1547991398;username|s:5:\"admin\";password|s:8:\"admin100\";role_id|s:1:\"3\";id|s:1:\"4\";'),
 ('2rmt4ae9ajep8s4r64a14idf0b5kpv78','::1',1548053090,'__ci_last_regenerate|i:1548053090;'),
 ('348ei3jncboihmod370euf4d83crvh0v','::1',1544738317,'__ci_last_regenerate|i:1544738317;username|s:5:\"admin\";password|s:8:\"admin100\";role_id|s:1:\"3\";id|s:1:\"4\";'),
 ('35gd447quepo8l9ehmbmqb4u93vvsumn','::1',1548097229,'__ci_last_regenerate|i:1548097229;'),
 ('3l4efvh0fj9j142lr1rpef4g4q5pvt1n','::1',1548053501,'__ci_last_regenerate|i:1548053501;'),
 ('3ltbknuoeidqtppct3h1ce9ji75f7vop','::1',1545031845,'__ci_last_regenerate|i:1545031845;username|s:5:\"admin\";password|s:8:\"admin100\";role_id|s:1:\"3\";id|s:1:\"4\";'),
 ('3oakbg90pob9e6211a3sfkh90opjpt2k','::1',1545102143,'__ci_last_regenerate|i:1545102143;username|s:5:\"admin\";password|s:8:\"admin100\";role_id|s:1:\"3\";id|s:1:\"4\";'),
 ('3rk4gi9fgv6erufghbeffnh9qk3057ec','::1',1547975780,'__ci_last_regenerate|i:1547975780;username|s:5:\"admin\";password|s:8:\"admin100\";role_id|s:1:\"3\";id|s:1:\"4\";'),
 ('3s2gouk2vl3jvan7gf4te3o8ift4mngp','::1',1548091326,'__ci_last_regenerate|i:1548091326;'),
 ('3t1a1kk14tvlb08k97qte03opsjm8h6t','::1',1545069580,'__ci_last_regenerate|i:1545069442;'),
 ('42ehq1abnk2hgmr1vp91d1jnrd8u6r9t','::1',1548089311,'__ci_last_regenerate|i:1548089311;'),
 ('43pvav5rp8d559kesc80e4j85a3delmr','::1',1548010107,'__ci_last_regenerate|i:1548010105;username|s:5:\"admin\";password|s:8:\"admin100\";role_id|s:1:\"3\";id|s:1:\"4\";'),
 ('48llcmq65tk53e4b1fni66cgadu3c292','::1',1544738637,'__ci_last_regenerate|i:1544738637;username|s:5:\"admin\";password|s:8:\"admin100\";role_id|s:1:\"3\";id|s:1:\"4\";'),
 ('4at4o42i02idib2t09mtp9m0ebjrdj3e','::1',1548087136,'__ci_last_regenerate|i:1548087136;'),
 ('4m2v45se54f17adcbi4hltlv9svsm5dt','::1',1545124376,'__ci_last_regenerate|i:1545124376;username|s:5:\"admin\";password|s:8:\"admin100\";role_id|s:1:\"3\";id|s:1:\"4\";'),
 ('51l0lvbb4moli5nsu3trbh3hq37ekpl8','::1',1545133255,'__ci_last_regenerate|i:1545133255;username|s:5:\"admin\";password|s:8:\"admin100\";role_id|s:1:\"3\";id|s:1:\"4\";'),
 ('53sjpjbove0h3ci57mgrjqaeiplolr8m','::1',1548089634,'__ci_last_regenerate|i:1548089634;'),
 ('58jcvagngls76m091lj7u9s70mvh04tt','::1',1544757460,'__ci_last_regenerate|i:1544757460;username|s:5:\"admin\";password|s:8:\"admin100\";role_id|s:1:\"3\";id|s:1:\"4\";'),
 ('5g1qdb7u24cm6tf7fdaho9dk66fg7ubg','::1',1548073548,'__ci_last_regenerate|i:1548073548;'),
 ('5j0dnvaddidmo71nisn5cgupdnnh1fsr','::1',1544723838,'__ci_last_regenerate|i:1544723838;username|s:5:\"admin\";password|s:8:\"admin100\";role_id|s:1:\"3\";id|s:1:\"4\";'),
 ('5qf7rmgi9pjldjfmbs8vbbrs4j4of7v3','::1',1544737299,'__ci_last_regenerate|i:1544737299;username|s:5:\"admin\";password|s:8:\"admin100\";role_id|s:1:\"3\";id|s:1:\"4\";'),
 ('5rul8er2jecsrkpcc1llf9ik9lrpd3s1','::1',1544727019,'__ci_last_regenerate|i:1544727019;username|s:5:\"admin\";password|s:8:\"admin100\";role_id|s:1:\"3\";id|s:1:\"4\";'),
 ('61825ijjha9313un44a6l2sl8f7b5cps','::1',1548009599,'__ci_last_regenerate|i:1548009599;username|s:5:\"admin\";password|s:8:\"admin100\";role_id|s:1:\"3\";id|s:1:\"4\";'),
 ('61dp8a0bpjokrhc4d0tbm6git988jbvq','::1',1547992644,'__ci_last_regenerate|i:1547992628;username|s:5:\"admin\";password|s:8:\"admin100\";role_id|s:1:\"3\";id|s:1:\"4\";'),
 ('64kdqq4t1hl6rp9qfa76jl1q19962hqo','::1',1548044001,'__ci_last_regenerate|i:1548044001;'),
 ('67q3nfr0cnm132p0f6obirfd2mv854sk','::1',1545108650,'__ci_last_regenerate|i:1545108650;username|s:5:\"admin\";password|s:8:\"admin100\";role_id|s:1:\"3\";id|s:1:\"4\";'),
 ('6a3nf39d5mt1bt66dq6bemhde886icel','::1',1545122769,'__ci_last_regenerate|i:1545122769;username|s:5:\"admin\";password|s:8:\"admin100\";role_id|s:1:\"3\";id|s:1:\"4\";'),
 ('6couu2l2c0fc26a16f6n9egokqs4e93f','::1',1545113447,'__ci_last_regenerate|i:1545113447;username|s:5:\"admin\";password|s:8:\"admin100\";role_id|s:1:\"3\";id|s:1:\"4\";'),
 ('6kr6s6h176s1ml5sem9ks5h8qm8r7fu6','::1',1548045598,'__ci_last_regenerate|i:1548045598;'),
 ('6oj6o6sb15rti8pn3ue61ko9taigqpl1','::1',1545067690,'__ci_last_regenerate|i:1545067690;'),
 ('6oo48eeoabu0p0bq6a6u40704putep70','::1',1548127355,'__ci_last_regenerate|i:1548127355;username|s:5:\"admin\";password|s:8:\"admin100\";role_id|s:1:\"3\";id|s:1:\"4\";'),
 ('78ebjrbn5rsva7jvdfa6rdgkc7j49q2o','::1',1548119803,'__ci_last_regenerate|i:1548119803;username|s:5:\"admin\";password|s:8:\"admin100\";role_id|s:1:\"3\";id|s:1:\"4\";'),
 ('7clnpgf910p07mchkh6st0jmdumeuafd','::1',1547978530,'__ci_last_regenerate|i:1547978530;username|s:5:\"admin\";password|s:8:\"admin100\";role_id|s:1:\"3\";id|s:1:\"4\";'),
 ('7d4lft8phsnmruoq3urd49ll588q0p1v','::1',1548120407,'__ci_last_regenerate|i:1548120407;username|s:5:\"admin\";password|s:8:\"admin100\";role_id|s:1:\"3\";id|s:1:\"4\";'),
 ('7pkp274dtvu4qur4300gq59vrh4qiets','::1',1545107617,'__ci_last_regenerate|i:1545107617;username|s:5:\"admin\";password|s:8:\"admin100\";role_id|s:1:\"3\";id|s:1:\"4\";'),
 ('7t1u4kp5a485r7tlj0vpri8n8h82imlt','::1',1548129401,'__ci_last_regenerate|i:1548129401;username|s:5:\"admin\";password|s:8:\"admin100\";role_id|s:1:\"3\";id|s:1:\"4\";'),
 ('84ma8nq7mk8nh0e5ptaqukjf77gde9rm','::1',1545107260,'__ci_last_regenerate|i:1545107260;username|s:5:\"admin\";password|s:8:\"admin100\";role_id|s:1:\"3\";id|s:1:\"4\";'),
 ('8cd3hjs3meqa9s78455pg94dl3kmpugl','::1',1545068025,'__ci_last_regenerate|i:1545068025;'),
 ('8diojkt56eb34i92la2knoerhhcqbcgh','::1',1548056142,'__ci_last_regenerate|i:1548056142;'),
 ('8hht0r8nblj6fktra453ilvmubdah2kr','::1',1547983617,'__ci_last_regenerate|i:1547983617;username|s:5:\"admin\";password|s:8:\"admin100\";role_id|s:1:\"3\";id|s:1:\"4\";'),
 ('8nr9ork75bo8efjc6bsd184760jhd2pj','::1',1544726676,'__ci_last_regenerate|i:1544726676;username|s:5:\"admin\";password|s:8:\"admin100\";role_id|s:1:\"3\";id|s:1:\"4\";'),
 ('8pggcthjekd2s46hka1l9m12lhbogeo0','::1',1548010105,'__ci_last_regenerate|i:1548010105;username|s:5:\"admin\";password|s:8:\"admin100\";role_id|s:1:\"3\";id|s:1:\"4\";'),
 ('8qe1mdnqvr27ogtbj440os9vhii8rhnj','::1',1544727927,'__ci_last_regenerate|i:1544727927;username|s:5:\"admin\";password|s:8:\"admin100\";role_id|s:1:\"3\";id|s:1:\"4\";'),
 ('90o76s8sl9mgtnc1ol3qm239t2177tg8','::1',1545115971,'__ci_last_regenerate|i:1545115971;username|s:5:\"admin\";password|s:8:\"admin100\";role_id|s:1:\"3\";id|s:1:\"4\";'),
 ('90vqe96hfqpq3gtrodda3cteb6gs9so5','::1',1545109574,'__ci_last_regenerate|i:1545109574;username|s:5:\"admin\";password|s:8:\"admin100\";role_id|s:1:\"3\";id|s:1:\"4\";'),
 ('93m4kngu861f7o6polar03lsjmvcatir','::1',1548050796,'__ci_last_regenerate|i:1548050796;'),
 ('9au88gks8nmq54dlrvc59q02cig2dumh','::1',1548056522,'__ci_last_regenerate|i:1548056522;'),
 ('9eg5bnll34nlrsbej940f28j75p5keck','::1',1548062318,'__ci_last_regenerate|i:1548062318;'),
 ('9kdum5lt4v267thhde78jjp8vg636clc','::1',1544739854,'__ci_last_regenerate|i:1544739854;username|s:5:\"admin\";password|s:8:\"admin100\";role_id|s:1:\"3\";id|s:1:\"4\";'),
 ('9und0jse0o41e2ilea2f8qe89geuhfs4','::1',1548088958,'__ci_last_regenerate|i:1548088958;'),
 ('a05dqhn969o0fec8ko9gd0o80noooieo','::1',1545109240,'__ci_last_regenerate|i:1545109240;username|s:5:\"admin\";password|s:8:\"admin100\";role_id|s:1:\"3\";id|s:1:\"4\";'),
 ('a9ga7mg5717b78um8ikt8v3cmiv9b0bp','::1',1547992222,'__ci_last_regenerate|i:1547992222;'),
 ('ajrduruejoi5596bhotpk714uiu6cao5','::1',1545093768,'__ci_last_regenerate|i:1545093768;'),
 ('aphpijp2ife731a84cn0puqtoadvkjbd','::1',1545111741,'__ci_last_regenerate|i:1545111741;username|s:5:\"admin\";password|s:8:\"admin100\";role_id|s:1:\"3\";id|s:1:\"4\";'),
 ('aq2rulhqfhucio4gr5uba67crd1vnch4','::1',1545111409,'__ci_last_regenerate|i:1545111409;username|s:5:\"admin\";password|s:8:\"admin100\";role_id|s:1:\"3\";id|s:1:\"4\";'),
 ('as81f14v9gj9ceorg662lcqhq61utmpr','::1',1544738954,'__ci_last_regenerate|i:1544738954;username|s:5:\"admin\";password|s:8:\"admin100\";role_id|s:1:\"3\";id|s:1:\"4\";'),
 ('avte366em4d55rkrpfaatcd4kruhkmpq','::1',1544735628,'__ci_last_regenerate|i:1544735628;username|s:5:\"admin\";password|s:8:\"admin100\";role_id|s:1:\"3\";id|s:1:\"4\";'),
 ('b5d3ijam83903govd35r693tvuchgtvd','::1',1548050481,'__ci_last_regenerate|i:1548050481;'),
 ('b9i008ja4fgdsos47sh0i9pq9j1fc61a','::1',1548085282,'__ci_last_regenerate|i:1548085282;'),
 ('ba8hnfru6lbv04k1cmvm2d8oa03e61bh','::1',1548089941,'__ci_last_regenerate|i:1548089941;'),
 ('bjs4ff2r49i7hhh02enp5nrctneodqs6','::1',1545110667,'__ci_last_regenerate|i:1545110667;username|s:5:\"admin\";password|s:8:\"admin100\";role_id|s:1:\"3\";id|s:1:\"4\";'),
 ('bv8l47jdvk25oonjltf53e7fip4q869g','::1',1548081094,'__ci_last_regenerate|i:1548081094;'),
 ('c2dglnab3fkn3ab9vl9abbms88hvab39','::1',1548097922,'__ci_last_regenerate|i:1548097686;username|s:5:\"admin\";password|s:8:\"admin100\";role_id|s:1:\"3\";id|s:1:\"4\";'),
 ('c5sc4ui5bkf3k40ugn3ju5j9uuncpen2','::1',1548081428,'__ci_last_regenerate|i:1548081428;'),
 ('c738brovqcp6ns6vb98j1r6kstrt48tf','::1',1544720978,'__ci_last_regenerate|i:1544720978;'),
 ('c977voicf8nl87c7c9qqvn4dlhe0mffp','::1',1548880335,'__ci_last_regenerate|i:1548880310;username|s:5:\"mohib\";password|s:8:\"mohib100\";role_id|s:1:\"1\";id|s:1:\"1\";'),
 ('cr7jqe1fl6r0ve20cdlgteft0atfln4r','::1',1548086371,'__ci_last_regenerate|i:1548086371;'),
 ('d211t9s3g5raqbargd0fvu8ejl0203ka','::1',1547978228,'__ci_last_regenerate|i:1547978228;username|s:5:\"admin\";password|s:8:\"admin100\";role_id|s:1:\"3\";id|s:1:\"4\";'),
 ('d5i700qslsbgd7vufsffmqmod10ppbqp','::1',1548069424,'__ci_last_regenerate|i:1548069424;'),
 ('ddep66fvv1rt5sjs92d1gvgmtnn4j1oj','::1',1548091652,'__ci_last_regenerate|i:1548091652;'),
 ('ddo53r01fn753227i7i0vtg14venvsu2','::1',1548088480,'__ci_last_regenerate|i:1548088480;'),
 ('dei8tk95ilpjojtdo0q9e81uifs9s70p','::1',1544735258,'__ci_last_regenerate|i:1544735258;username|s:5:\"admin\";password|s:8:\"admin100\";role_id|s:1:\"3\";id|s:1:\"4\";'),
 ('dkjoveeab6ufhqhm2lp7uie87uhm5378','::1',1548136399,'__ci_last_regenerate|i:1548136399;username|s:5:\"admin\";password|s:8:\"admin100\";role_id|s:1:\"3\";id|s:1:\"4\";'),
 ('dna0nl99ee3846n5g5emcavnor35qvcl','::1',1548086069,'__ci_last_regenerate|i:1548086069;'),
 ('do5jm00bdr1b8ps6iq6lcf8b1ko49vlh','::1',1544727341,'__ci_last_regenerate|i:1544727341;username|s:5:\"admin\";password|s:8:\"admin100\";role_id|s:1:\"3\";id|s:1:\"4\";'),
 ('e0ub0sipver0vrqlaubdif039nl1bjsn','::1',1545108112,'__ci_last_regenerate|i:1545108112;username|s:5:\"admin\";password|s:8:\"admin100\";role_id|s:1:\"3\";id|s:1:\"4\";'),
 ('e6qatnvu68cr6rdcmqep8ajum9jqtgc8','::1',1545029752,'__ci_last_regenerate|i:1545029752;username|s:5:\"admin\";password|s:8:\"admin100\";role_id|s:1:\"3\";id|s:1:\"4\";'),
 ('ee0agmogc11jln028o9dsbumq9kd99j3','::1',1547992221,'__ci_last_regenerate|i:1547992221;username|s:5:\"admin\";password|s:8:\"admin100\";role_id|s:1:\"3\";id|s:1:\"4\";'),
 ('f21cep5rbi1t99r93sbbf5v96t6sohb7','::1',1548135975,'__ci_last_regenerate|i:1548135975;username|s:5:\"admin\";password|s:8:\"admin100\";role_id|s:1:\"3\";id|s:1:\"4\";'),
 ('fd2v3vebajo8h6u3c3m3erhmbhc7shkh','::1',1544721334,'__ci_last_regenerate|i:1544721334;username|s:5:\"admin\";password|s:8:\"admin100\";role_id|s:1:\"3\";id|s:1:\"4\";'),
 ('fjsip9a8q8c6c7g7j4rri09o8afafujc','::1',1544792446,'__ci_last_regenerate|i:1544792444;'),
 ('fmql8mg5e9vg0fd1tm83eldck66pgg40','::1',1544758174,'__ci_last_regenerate|i:1544758174;'),
 ('g3eqsdck0g98uo5lgrsau444vbnbo32u','::1',1545110990,'__ci_last_regenerate|i:1545110990;username|s:5:\"admin\";password|s:8:\"admin100\";role_id|s:1:\"3\";id|s:1:\"4\";'),
 ('g4qucsk1g9iem2vt5d88sqrfgb15k8d5','::1',1548095053,'__ci_last_regenerate|i:1548095053;'),
 ('gf4nrg9ju50f3b6hkbjctq7m1kgd2ah5','::1',1545110344,'__ci_last_regenerate|i:1545110344;username|s:5:\"admin\";password|s:8:\"admin100\";role_id|s:1:\"3\";id|s:1:\"4\";'),
 ('gj6aq7ad0bde6f89aapts7eolauapjap','::1',1548009162,'__ci_last_regenerate|i:1548009162;username|s:5:\"admin\";password|s:8:\"admin100\";role_id|s:1:\"3\";id|s:1:\"4\";'),
 ('gmrvu29j9q936j3domcm2s5m59lbg1mc','::1',1545045175,'__ci_last_regenerate|i:1545045175;username|s:5:\"admin\";password|s:8:\"admin100\";role_id|s:1:\"3\";id|s:1:\"4\";'),
 ('go2l938gfe317lmr4aj72kfpi07qhai8','::1',1547978910,'__ci_last_regenerate|i:1547978910;username|s:5:\"admin\";password|s:8:\"admin100\";role_id|s:1:\"3\";id|s:1:\"4\";'),
 ('gu9drvv50unp8tr2u89upn8kkq29p3j8','::1',1544740090,'__ci_last_regenerate|i:1544739854;username|s:5:\"admin\";password|s:8:\"admin100\";role_id|s:1:\"3\";id|s:1:\"4\";'),
 ('gv67t7jim4320ichfm5m0imu95ambg9t','::1',1548079768,'__ci_last_regenerate|i:1548079768;'),
 ('hbs04horriunb5700p3ucgfpmkmgddv0','::1',1547974098,'__ci_last_regenerate|i:1547974098;username|s:5:\"admin\";password|s:8:\"admin100\";role_id|s:1:\"3\";id|s:1:\"4\";'),
 ('heg8c7t0flr1cjgdqp0a0v84b8ldu9lq','::1',1548088049,'__ci_last_regenerate|i:1548088049;'),
 ('hqnn07r6e4424b5oinbpdnq761hsnksb','::1',1545113752,'__ci_last_regenerate|i:1545113752;username|s:5:\"admin\";password|s:8:\"admin100\";role_id|s:1:\"3\";id|s:1:\"4\";'),
 ('ht769hj7gk50kmfsaspgk9ear74hcqe1','::1',1544734862,'__ci_last_regenerate|i:1544734862;username|s:5:\"admin\";password|s:8:\"admin100\";role_id|s:1:\"3\";id|s:1:\"4\";'),
 ('htptql4l15fi8lgj1m9vls31kvca98it','::1',1548135325,'__ci_last_regenerate|i:1548135325;username|s:5:\"admin\";password|s:8:\"admin100\";role_id|s:1:\"3\";id|s:1:\"4\";'),
 ('i078sgc4q66kb69m7dtkmavk0b52caao','::1',1548130330,'__ci_last_regenerate|i:1548130330;username|s:5:\"admin\";password|s:8:\"admin100\";role_id|s:1:\"3\";id|s:1:\"4\";'),
 ('i77m58gpi5jv6ntbqff0f018lloq61lo','::1',1547990990,'__ci_last_regenerate|i:1547990990;username|s:5:\"admin\";password|s:8:\"admin100\";role_id|s:1:\"3\";id|s:1:\"4\";'),
 ('iabggb9sqc1vrk7mj3dnk2idd6tsgdag','::1',1547976083,'__ci_last_regenerate|i:1547976083;username|s:5:\"admin\";password|s:8:\"admin100\";role_id|s:1:\"3\";id|s:1:\"4\";'),
 ('idaeabtcvrfh590k1i7cv1cn283d8sac','::1',1545112088,'__ci_last_regenerate|i:1545112088;username|s:5:\"admin\";password|s:8:\"admin100\";role_id|s:1:\"3\";id|s:1:\"4\";'),
 ('ig4up6d0v2t47gellbr8rr4tlhm1m5ds','::1',1545045447,'__ci_last_regenerate|i:1545045175;username|s:5:\"admin\";password|s:8:\"admin100\";role_id|s:1:\"3\";id|s:1:\"4\";'),
 ('igcsv8jp6tasiq4tupahj6kmpgitvpk7','::1',1548136399,'__ci_last_regenerate|i:1548136399;username|s:5:\"admin\";password|s:8:\"admin100\";role_id|s:1:\"3\";id|s:1:\"4\";'),
 ('iglp5auuu0f73lrmjlu7p274laob4jt3','::1',1545281805,'__ci_last_regenerate|i:1545281805;username|s:5:\"admin\";password|s:8:\"admin100\";role_id|s:1:\"3\";id|s:1:\"4\";'),
 ('io3gqkcopd2k9llks8urpt5qkv1f8j74','::1',1544737967,'__ci_last_regenerate|i:1544737967;username|s:5:\"admin\";password|s:8:\"admin100\";role_id|s:1:\"3\";id|s:1:\"4\";'),
 ('iq1jn54fmdmmhhcc7ujbdogi3lvuviac','::1',1548052666,'__ci_last_regenerate|i:1548052666;'),
 ('j16jv1gjdgsn8gb3l5vqf8spe4p0jkmn','::1',1545031261,'__ci_last_regenerate|i:1545031261;username|s:5:\"admin\";password|s:8:\"admin100\";role_id|s:1:\"3\";id|s:1:\"4\";'),
 ('j93dasgu54k0b387oh8sakfrs8hvkjs4','::1',1547983186,'__ci_last_regenerate|i:1547983186;username|s:5:\"admin\";password|s:8:\"admin100\";role_id|s:1:\"3\";id|s:1:\"4\";'),
 ('jjup96h3f9h6nr58d2eu5lu0re8clteb','::1',1548126698,'__ci_last_regenerate|i:1548126698;username|s:5:\"admin\";password|s:8:\"admin100\";role_id|s:1:\"3\";id|s:1:\"4\";'),
 ('jk1qe4d9mamlu6b3nk23s7pu3uipu1np','::1',1547990078,'__ci_last_regenerate|i:1547990078;username|s:5:\"admin\";password|s:8:\"admin100\";role_id|s:1:\"3\";id|s:1:\"4\";'),
 ('jn4ijrdakse0bfdgc0n5jdicb5c4jemn','::1',1545040952,'__ci_last_regenerate|i:1545040952;username|s:5:\"admin\";password|s:8:\"admin100\";role_id|s:1:\"3\";id|s:1:\"4\";'),
 ('jnaik4ef9v6ja64uetvvq4jcl462qr3s','::1',1548054266,'__ci_last_regenerate|i:1548054266;'),
 ('jrhhqgl9v440ue51k43m8ep0rj7jsjho','::1',1548051952,'__ci_last_regenerate|i:1548051952;'),
 ('jsorbu00gae3iq5jooitbflk89ka044q','::1',1548097686,'__ci_last_regenerate|i:1548097686;username|s:5:\"admin\";password|s:8:\"admin100\";role_id|s:1:\"3\";id|s:1:\"4\";'),
 ('k4cfve6h17oq9edio5k0nb3fq3f2ceaf','::1',1547988164,'__ci_last_regenerate|i:1547988164;username|s:5:\"admin\";password|s:8:\"admin100\";role_id|s:1:\"3\";id|s:1:\"4\";'),
 ('k8lto8g4c3drpaiesoolukoa05brk4a6','::1',1545448708,'__ci_last_regenerate|i:1545448670;username|s:5:\"admin\";password|s:8:\"admin100\";role_id|s:1:\"3\";id|s:1:\"4\";'),
 ('kov9u2fr2eciguvpudimp5dhu7nimnt5','::1',1548057875,'__ci_last_regenerate|i:1548057875;'),
 ('l3hjole8407qmt1b8vlms6fu0mg1um8m','::1',1547986471,'__ci_last_regenerate|i:1547986471;username|s:5:\"admin\";password|s:8:\"admin100\";role_id|s:1:\"3\";id|s:1:\"4\";'),
 ('l9ui905m4l1j0ieqi196gd2uhr16d8u3','::1',1548128703,'__ci_last_regenerate|i:1548128703;username|s:5:\"admin\";password|s:8:\"admin100\";role_id|s:1:\"3\";id|s:1:\"4\";'),
 ('laj66um56tj2p3rrdh2ul3skb56l809a','::1',1548064602,'__ci_last_regenerate|i:1548064602;'),
 ('lbi41gqq6f8p2i52g1b8hc971okrjet5','::1',1544733584,'__ci_last_regenerate|i:1544733584;username|s:5:\"admin\";password|s:8:\"admin100\";role_id|s:1:\"3\";id|s:1:\"4\";'),
 ('ld0sq3d7af3q4ckkd8oa2mesot7po61a','::1',1548096144,'__ci_last_regenerate|i:1548096144;'),
 ('lf48k6q0c9mo26gohhqfa8b65og41043','::1',1545118144,'__ci_last_regenerate|i:1545118143;username|s:5:\"admin\";password|s:8:\"admin100\";role_id|s:1:\"3\";id|s:1:\"4\";'),
 ('lgvhillb42n6cqmgrtln60lot85gc1co','::1',1548075179,'__ci_last_regenerate|i:1548075179;'),
 ('lmcss8j46rgsvl4i0rp4ghgl17esitjf','::1',1547986811,'__ci_last_regenerate|i:1547986811;username|s:5:\"admin\";password|s:8:\"admin100\";role_id|s:1:\"3\";id|s:1:\"4\";'),
 ('ltbo7nmoa9s40kjrggrh4k25nl6q6b5t','::1',1547987854,'__ci_last_regenerate|i:1547987854;username|s:5:\"admin\";password|s:8:\"admin100\";role_id|s:1:\"3\";id|s:1:\"4\";'),
 ('lu66hh6n3lu1q7c0bkpnnll9jrfe6ntk','::1',1548051516,'__ci_last_regenerate|i:1548051516;'),
 ('m5u9hr39s5uphloj2icdhbl535mfgb8g','::1',1545109964,'__ci_last_regenerate|i:1545109964;username|s:5:\"admin\";password|s:8:\"admin100\";role_id|s:1:\"3\";id|s:1:\"4\";'),
 ('meaa1n4in1qbveolli4pkjgg5jdi85pb','::1',1545038798,'__ci_last_regenerate|i:1545038798;username|s:5:\"admin\";password|s:8:\"admin100\";role_id|s:1:\"3\";id|s:1:\"4\";'),
 ('mieeo77vd92ufbiku6ifl4d2mtsmm8pj','::1',1545061639,'__ci_last_regenerate|i:1545061639;'),
 ('mippp7gkmk58a9e0hg4hjih9s84lm44e','::1',1544739549,'__ci_last_regenerate|i:1544739549;username|s:5:\"admin\";password|s:8:\"admin100\";role_id|s:1:\"3\";id|s:1:\"4\";'),
 ('mkgivugbc2va03b8hevin368e2h79ojj','::1',1548090704,'__ci_last_regenerate|i:1548090704;'),
 ('mld21etni7cddapik0qprdmar7thci5g','::1',1547983946,'__ci_last_regenerate|i:1547983946;username|s:5:\"admin\";password|s:8:\"admin100\";role_id|s:1:\"3\";id|s:1:\"4\";'),
 ('mlurna9e0kebk275o9hibdki61f30dvl','::1',1548088554,'__ci_last_regenerate|i:1548088480;'),
 ('mtgbdksglkihibu76bj4hsr4prhst3vm','::1',1544726162,'__ci_last_regenerate|i:1544726162;username|s:5:\"admin\";password|s:8:\"admin100\";role_id|s:1:\"3\";id|s:1:\"4\";'),
 ('mtku0mhemokl7jpeunrkuapih5kun0ih','::1',1544724226,'__ci_last_regenerate|i:1544724226;username|s:5:\"admin\";password|s:8:\"admin100\";role_id|s:1:\"3\";id|s:1:\"4\";'),
 ('n4njek50qqi9hkm7su6bdvd2refk64bs','::1',1548068713,'__ci_last_regenerate|i:1548068713;'),
 ('neptic7aie67t1bqm0qimha5k4a83f4t','::1',1544735960,'__ci_last_regenerate|i:1544735960;username|s:5:\"admin\";password|s:8:\"admin100\";role_id|s:1:\"3\";id|s:1:\"4\";'),
 ('nudnjpka0j1l3cmre3278d06okokq53p','::1',1545094071,'__ci_last_regenerate|i:1545094071;'),
 ('o48d9oohrsscfdpp78ovuoc7brsntjag','::1',1548078654,'__ci_last_regenerate|i:1548078654;'),
 ('oc2gipms63m7p1h9got3eam22khrrqcu','::1',1545032911,'__ci_last_regenerate|i:1545032911;username|s:5:\"admin\";password|s:8:\"admin100\";role_id|s:1:\"3\";id|s:1:\"4\";'),
 ('oglqd9er5k0ldsh787rhtqj00376m027','::1',1547992628,'__ci_last_regenerate|i:1547992628;username|s:5:\"admin\";password|s:8:\"admin100\";role_id|s:1:\"3\";id|s:1:\"4\";'),
 ('ok3qapvo5a5v7rrt0rhqfeqnnmavj2lg','::1',1545124708,'__ci_last_regenerate|i:1545124708;'),
 ('oo8slg4gs5lrpgr91l81dmemrbtgeel7','::1',1548081883,'__ci_last_regenerate|i:1548081883;'),
 ('oqfjd9ol4ig10ji9kicm9puhld713ep1','::1',1548064101,'__ci_last_regenerate|i:1548064101;'),
 ('p56iushn2ramg5puhpo4qtlicg7ipj4n','::1',1548128103,'__ci_last_regenerate|i:1548128103;username|s:5:\"admin\";password|s:8:\"admin100\";role_id|s:1:\"3\";id|s:1:\"4\";'),
 ('piutv6haikp730u2gfcq3kbjmkoh28n4','::1',1545131679,'__ci_last_regenerate|i:1545131679;username|s:5:\"admin\";password|s:8:\"admin100\";role_id|s:1:\"3\";id|s:1:\"4\";'),
 ('ps5s5fag8jvuiued7s9btfml7rbjvd9j','::1',1547987121,'__ci_last_regenerate|i:1547987121;username|s:5:\"admin\";password|s:8:\"admin100\";role_id|s:1:\"3\";id|s:1:\"4\";'),
 ('q20h1mjoa71q00eepai50fdd2njis2cm','::1',1548082206,'__ci_last_regenerate|i:1548082206;'),
 ('q96kcokkeijd4u7vt028ck1um48gfmq2','::1',1544719789,'__ci_last_regenerate|i:1544719789;'),
 ('qh8thhsckumbr96ctbv4rpi3plsgcfd5','::1',1548091014,'__ci_last_regenerate|i:1548091014;'),
 ('qmb16t7dt6amdt7o80i5bbt3h9tlrkkt','::1',1547990645,'__ci_last_regenerate|i:1547990645;username|s:5:\"admin\";password|s:8:\"admin100\";role_id|s:1:\"3\";id|s:1:\"4\";'),
 ('qnsh66jdfd66h4t52csd904qoj2t3mel','::1',1548120892,'__ci_last_regenerate|i:1548120892;username|s:5:\"admin\";password|s:8:\"admin100\";role_id|s:1:\"3\";id|s:1:\"4\";'),
 ('qqlt4rbov7nvrf8gr7oqma29ca5kffng','::1',1548074004,'__ci_last_regenerate|i:1548074004;'),
 ('qsst32097q0cr2011fcb99i5dvk1uuht','::1',1545112445,'__ci_last_regenerate|i:1545112445;username|s:5:\"admin\";password|s:8:\"admin100\";role_id|s:1:\"3\";id|s:1:\"4\";'),
 ('qtld6fi89m1h71ukuqgf9sfq05d7khff','::1',1548085600,'__ci_last_regenerate|i:1548085600;'),
 ('rb6nh8qe5htbgahed116ini5u9hon93j','::1',1544758343,'__ci_last_regenerate|i:1544758193;username|s:5:\"admin\";password|s:8:\"admin100\";role_id|s:1:\"3\";id|s:1:\"4\";'),
 ('rc4i52pf9md7j9pdld75lpahpjb76m75','::1',1548129039,'__ci_last_regenerate|i:1548129039;username|s:5:\"admin\";password|s:8:\"admin100\";role_id|s:1:\"3\";id|s:1:\"4\";'),
 ('rdtkk2arsg27vqpajevsoiui91pb9sk8','::1',1548095474,'__ci_last_regenerate|i:1548095474;'),
 ('reqk9up3t0ssokp31agsmh1hlhe6ff48','::1',1547987544,'__ci_last_regenerate|i:1547987544;username|s:5:\"admin\";password|s:8:\"admin100\";role_id|s:1:\"3\";id|s:1:\"4\";'),
 ('rgn4edvfikqo21u5gilbob8i43bg8r75','::1',1545281805,'__ci_last_regenerate|i:1545281805;'),
 ('rgqmot94iroqppk978h1kbqaalkh7kss','::1',1545068344,'__ci_last_regenerate|i:1545068344;'),
 ('rkitm3u5fd8adg6v9mc1papdj6q0roah','::1',1545133442,'__ci_last_regenerate|i:1545133255;username|s:5:\"admin\";password|s:8:\"admin100\";role_id|s:1:\"3\";id|s:1:\"4\";'),
 ('rvndgcp2dscpa7p2esaj451tjlkhcbeh','::1',1548067226,'__ci_last_regenerate|i:1548067226;'),
 ('s2295r98die2hjfi6chcq4505ppeogru','::1',1548092216,'__ci_last_regenerate|i:1548092216;'),
 ('s8artlsutemsb1n78q16f49l55d7qs2a','::1',1548053945,'__ci_last_regenerate|i:1548053945;'),
 ('shstfpe2hptoqif3t20er00ct09663p3','::1',1548088958,'__ci_last_regenerate|i:1548088958;'),
 ('skvl9b00bfsie12hsppgaatpqmc29n0d','::1',1548090358,'__ci_last_regenerate|i:1548090358;'),
 ('slq8ig1aog1bk7d23qlvnaq7il63249c','::1',1548052263,'__ci_last_regenerate|i:1548052263;'),
 ('su58t1o23iffo7kl5net595dgeiucpsb','::1',1548067569,'__ci_last_regenerate|i:1548067569;'),
 ('sup1es00jiu2rmnshrr968a50nc31l5h','::1',1548127775,'__ci_last_regenerate|i:1548127775;username|s:5:\"admin\";password|s:8:\"admin100\";role_id|s:1:\"3\";id|s:1:\"4\";'),
 ('t11bk91rl0oj5c8vln1lcirdo70dpgje','::1',1548092541,'__ci_last_regenerate|i:1548092541;'),
 ('t23fgpp48nj9k7m7jebb6epvmprf3d5b','::1',1548068271,'__ci_last_regenerate|i:1548068271;'),
 ('t5epr7uaea62l1d0qsfpf20s4kc88dro','::1',1544737655,'__ci_last_regenerate|i:1544737655;username|s:5:\"admin\";password|s:8:\"admin100\";role_id|s:1:\"3\";id|s:1:\"4\";'),
 ('t8cl5m38scdtknbdqikeb9986cpmg6vn','::1',1548096488,'__ci_last_regenerate|i:1548096488;'),
 ('tkol8u2hcq9fr5j7qk6nu828sipfonrr','::1',1548129749,'__ci_last_regenerate|i:1548129749;username|s:5:\"admin\";password|s:8:\"admin100\";role_id|s:1:\"3\";id|s:1:\"4\";'),
 ('tluv3qa8r02as0mp40krfm8bf6vapdql','::1',1545106707,'__ci_last_regenerate|i:1545106707;username|s:5:\"admin\";password|s:8:\"admin100\";role_id|s:1:\"3\";id|s:1:\"4\";'),
 ('tnol2vsnvs4rcu9m3l545ab0ti1hlkjc','::1',1548066741,'__ci_last_regenerate|i:1548066741;'),
 ('u3g5f1k96nn018n0u0ru4151t85eat2p','::1',1545105104,'__ci_last_regenerate|i:1545105104;username|s:5:\"admin\";password|s:8:\"admin100\";role_id|s:1:\"3\";id|s:1:\"4\";'),
 ('u9jg6eak91e14cocbf6n0j7nmbl31chh','::1',1545115044,'__ci_last_regenerate|i:1545115044;username|s:5:\"admin\";password|s:8:\"admin100\";role_id|s:1:\"3\";id|s:1:\"4\";'),
 ('uqs5qufi3luijcnoftahd99asvctsdhj','::1',1545038188,'__ci_last_regenerate|i:1545038188;username|s:5:\"admin\";password|s:8:\"admin100\";role_id|s:1:\"3\";id|s:1:\"4\";'),
 ('usjikkp4i4v3k2ccq3gvjou5t6upeogs','::1',1545067291,'__ci_last_regenerate|i:1545067291;'),
 ('v3rdeesm247nftrm03to9stfjhnalo9n','::1',1544757911,'__ci_last_regenerate|i:1544757911;username|s:5:\"admin\";password|s:8:\"admin100\";role_id|s:1:\"3\";id|s:1:\"4\";'),
 ('v3upjmge10abu5mqp5t0ti06p3p1upvh','::1',1545095062,'__ci_last_regenerate|i:1545095062;username|s:5:\"admin\";password|s:8:\"admin100\";role_id|s:1:\"3\";id|s:1:\"4\";'),
 ('v9optidjbout3kt7ikvd0o4hrcmhj60f','::1',1548058186,'__ci_last_regenerate|i:1548058186;'),
 ('vameu17lu24r64810jqakprnedt789sj','::1',1544725643,'__ci_last_regenerate|i:1544725643;username|s:5:\"admin\";password|s:8:\"admin100\";role_id|s:1:\"3\";id|s:1:\"4\";'),
 ('vikfjoedevh2bboj053t8euletge754i','::1',1548076252,'__ci_last_regenerate|i:1548076252;'),
 ('vv31un9d6c8oe8it9902k7ijk9e3bl2m','::1',1548008770,'__ci_last_regenerate|i:1548008770;username|s:5:\"admin\";password|s:8:\"admin100\";role_id|s:1:\"3\";id|s:1:\"4\";'),
 ('vvf58c0q8teilcqtn5pb9o479eiev8hc','::1',1545030927,'__ci_last_regenerate|i:1545030927;username|s:5:\"admin\";password|s:8:\"admin100\";role_id|s:1:\"3\";id|s:1:\"4\";');
/*!40000 ALTER TABLE `ci_sessions` ENABLE KEYS */;


--
-- Definition of table `client`
--

DROP TABLE IF EXISTS `client`;
CREATE TABLE `client` (
  `id` int(10) NOT NULL AUTO_INCREMENT,
  `name` varchar(50) NOT NULL DEFAULT '',
  `email` varchar(50) NOT NULL DEFAULT '',
  `phone` varchar(20) NOT NULL DEFAULT '',
  `address` varchar(200) NOT NULL DEFAULT '',
  `username` varchar(50) NOT NULL DEFAULT '',
  `password` varchar(100) NOT NULL DEFAULT '',
  `create_date` datetime NOT NULL DEFAULT CURRENT_TIMESTAMP,
  `update_date` datetime NOT NULL DEFAULT CURRENT_TIMESTAMP ON UPDATE CURRENT_TIMESTAMP,
  PRIMARY KEY (`id`)
) ENGINE=InnoDB AUTO_INCREMENT=4 DEFAULT CHARSET=latin1;

--
-- Dumping data for table `client`
--

/*!40000 ALTER TABLE `client` DISABLE KEYS */;
INSERT INTO `client` (`id`,`name`,`email`,`phone`,`address`,`username`,`password`,`create_date`,`update_date`) VALUES 
 (1,'mohibur rahman','mohib@gmail.com','01812334720','dhanmondi,dhaka','mohib','123456','2018-12-02 10:40:57','2018-12-02 10:40:57'),
 (2,'ashraful islam','ashraful@gmil.com','01812334720','mohammodpur,dhaka','mohib','123456','2018-12-02 20:03:53','2018-12-02 20:03:53'),
 (3,'mostafijur rahman','ashraful@gmil.com','01812334720','mohammodpur,dhaka','mustafij','1234','2019-01-20 14:47:17','2019-01-20 14:47:17');
/*!40000 ALTER TABLE `client` ENABLE KEYS */;


--
-- Definition of table `country`
--

DROP TABLE IF EXISTS `country`;
CREATE TABLE `country` (
  `id` int(11) NOT NULL AUTO_INCREMENT,
  `country_code` varchar(2) NOT NULL DEFAULT '',
  `name` varchar(100) NOT NULL DEFAULT '',
  PRIMARY KEY (`id`)
) ENGINE=InnoDB AUTO_INCREMENT=985 DEFAULT CHARSET=latin1;

--
-- Dumping data for table `country`
--

/*!40000 ALTER TABLE `country` DISABLE KEYS */;
INSERT INTO `country` (`id`,`country_code`,`name`) VALUES 
 (1,'AF','Afghanistan'),
 (2,'AL','Albania'),
 (3,'DZ','Algeria'),
 (4,'DS','American Samoa'),
 (5,'AD','Andorra'),
 (6,'AO','Angola'),
 (7,'AI','Anguilla'),
 (8,'AQ','Antarctica'),
 (9,'AG','Antigua and Barbuda'),
 (10,'AR','Argentina'),
 (11,'AM','Armenia'),
 (12,'AW','Aruba'),
 (13,'AU','Australia'),
 (14,'AT','Austria'),
 (15,'AZ','Azerbaijan'),
 (16,'BS','Bahamas'),
 (17,'BH','Bahrain'),
 (18,'BD','Bangladesh'),
 (19,'BB','Barbados'),
 (20,'BY','Belarus'),
 (21,'BE','Belgium'),
 (22,'BZ','Belize'),
 (23,'BJ','Benin'),
 (24,'BM','Bermuda'),
 (25,'BT','Bhutan'),
 (26,'BO','Bolivia'),
 (27,'BA','Bosnia and Herzegovina'),
 (28,'BW','Botswana'),
 (29,'BV','Bouvet Island'),
 (30,'BR','Brazil'),
 (31,'IO','British Indian Ocean Territory'),
 (32,'BN','Brunei Darussalam'),
 (33,'BG','Bulgaria'),
 (34,'BF','Burkina Faso'),
 (35,'BI','Burundi'),
 (36,'KH','Cambodia'),
 (37,'CM','Cameroon'),
 (38,'CA','Canada'),
 (39,'CV','Cape Verde'),
 (40,'KY','Cayman Islands'),
 (41,'CF','Central African Republic'),
 (42,'TD','Chad'),
 (43,'CL','Chile'),
 (44,'CN','China'),
 (45,'CX','Christmas Island'),
 (46,'CC','Cocos (Keeling) Islands'),
 (47,'CO','Colombia'),
 (48,'KM','Comoros'),
 (49,'CG','Congo'),
 (50,'CK','Cook Islands'),
 (51,'CR','Costa Rica'),
 (52,'HR','Croatia (Hrvatska)'),
 (53,'CU','Cuba'),
 (54,'CY','Cyprus'),
 (55,'CZ','Czech Republic'),
 (56,'DK','Denmark'),
 (57,'DJ','Djibouti'),
 (58,'DM','Dominica'),
 (59,'DO','Dominican Republic'),
 (60,'TP','East Timor'),
 (61,'EC','Ecuador'),
 (62,'EG','Egypt'),
 (63,'SV','El Salvador'),
 (64,'GQ','Equatorial Guinea'),
 (65,'ER','Eritrea'),
 (66,'EE','Estonia'),
 (67,'ET','Ethiopia'),
 (68,'FK','Falkland Islands (Malvinas)'),
 (69,'FO','Faroe Islands'),
 (70,'FJ','Fiji'),
 (71,'FI','Finland'),
 (72,'FR','France'),
 (73,'FX','France, Metropolitan'),
 (74,'GF','French Guiana'),
 (75,'PF','French Polynesia'),
 (76,'TF','French Southern Territories'),
 (77,'GA','Gabon'),
 (78,'GM','Gambia'),
 (79,'GE','Georgia'),
 (80,'DE','Germany'),
 (81,'GH','Ghana'),
 (82,'GI','Gibraltar'),
 (83,'GK','Guernsey'),
 (84,'GR','Greece'),
 (85,'GL','Greenland'),
 (86,'GD','Grenada'),
 (87,'GP','Guadeloupe'),
 (88,'GU','Guam'),
 (89,'GT','Guatemala'),
 (90,'GN','Guinea'),
 (91,'GW','Guinea-Bissau'),
 (92,'GY','Guyana'),
 (93,'HT','Haiti'),
 (94,'HM','Heard and Mc Donald Islands'),
 (95,'HN','Honduras'),
 (96,'HK','Hong Kong'),
 (97,'HU','Hungary'),
 (98,'IS','Iceland'),
 (99,'IN','India'),
 (100,'IM','Isle of Man'),
 (101,'ID','Indonesia'),
 (102,'IR','Iran (Islamic Republic of)'),
 (103,'IQ','Iraq'),
 (104,'IE','Ireland'),
 (105,'IL','Israel'),
 (106,'IT','Italy'),
 (107,'CI','Ivory Coast'),
 (108,'JE','Jersey'),
 (109,'JM','Jamaica'),
 (110,'JP','Japan'),
 (111,'JO','Jordan'),
 (112,'KZ','Kazakhstan'),
 (113,'KE','Kenya'),
 (114,'KI','Kiribati'),
 (115,'KP','Korea, Democratic People\'s Republic of'),
 (116,'KR','Korea, Republic of'),
 (117,'XK','Kosovo'),
 (118,'KW','Kuwait'),
 (119,'KG','Kyrgyzstan'),
 (120,'LA','Lao People\'s Democratic Republic'),
 (121,'LV','Latvia'),
 (122,'LB','Lebanon'),
 (123,'LS','Lesotho'),
 (124,'LR','Liberia'),
 (125,'LY','Libyan Arab Jamahiriya'),
 (126,'LI','Liechtenstein'),
 (127,'LT','Lithuania'),
 (128,'LU','Luxembourg'),
 (129,'MO','Macau'),
 (130,'MK','Macedonia'),
 (131,'MG','Madagascar'),
 (132,'MW','Malawi'),
 (133,'MY','Malaysia'),
 (134,'MV','Maldives'),
 (135,'ML','Mali'),
 (136,'MT','Malta'),
 (137,'MH','Marshall Islands'),
 (138,'MQ','Martinique'),
 (139,'MR','Mauritania'),
 (140,'MU','Mauritius'),
 (141,'TY','Mayotte'),
 (142,'MX','Mexico'),
 (143,'FM','Micronesia, Federated States of'),
 (144,'MD','Moldova, Republic of'),
 (145,'MC','Monaco'),
 (146,'MN','Mongolia'),
 (147,'ME','Montenegro'),
 (148,'MS','Montserrat'),
 (149,'MA','Morocco'),
 (150,'MZ','Mozambique'),
 (151,'MM','Myanmar'),
 (152,'NA','Namibia'),
 (153,'NR','Nauru'),
 (154,'NP','Nepal'),
 (155,'NL','Netherlands'),
 (156,'AN','Netherlands Antilles'),
 (157,'NC','New Caledonia'),
 (158,'NZ','New Zealand'),
 (159,'NI','Nicaragua'),
 (160,'NE','Niger'),
 (161,'NG','Nigeria'),
 (162,'NU','Niue'),
 (163,'NF','Norfolk Island'),
 (164,'MP','Northern Mariana Islands'),
 (165,'NO','Norway'),
 (166,'OM','Oman'),
 (167,'PK','Pakistan'),
 (168,'PW','Palau'),
 (169,'PS','Palestine'),
 (170,'PA','Panama'),
 (171,'PG','Papua New Guinea'),
 (172,'PY','Paraguay'),
 (173,'PE','Peru'),
 (174,'PH','Philippines'),
 (175,'PN','Pitcairn'),
 (176,'PL','Poland'),
 (177,'PT','Portugal'),
 (178,'PR','Puerto Rico'),
 (179,'QA','Qatar'),
 (180,'RE','Reunion'),
 (181,'RO','Romania'),
 (182,'RU','Russian Federation'),
 (183,'RW','Rwanda'),
 (184,'KN','Saint Kitts and Nevis'),
 (185,'LC','Saint Lucia'),
 (186,'VC','Saint Vincent and the Grenadines'),
 (187,'WS','Samoa'),
 (188,'SM','San Marino'),
 (189,'ST','Sao Tome and Principe'),
 (190,'SA','Saudi Arabia'),
 (191,'SN','Senegal'),
 (192,'RS','Serbia'),
 (193,'SC','Seychelles'),
 (194,'SL','Sierra Leone'),
 (195,'SG','Singapore'),
 (196,'SK','Slovakia'),
 (197,'SI','Slovenia'),
 (198,'SB','Solomon Islands'),
 (199,'SO','Somalia'),
 (200,'ZA','South Africa'),
 (201,'GS','South Georgia South Sandwich Islands'),
 (202,'SS','South Sudan'),
 (203,'ES','Spain'),
 (204,'LK','Sri Lanka'),
 (205,'SH','St. Helena'),
 (206,'PM','St. Pierre and Miquelon'),
 (207,'SD','Sudan'),
 (208,'SR','Suriname'),
 (209,'SJ','Svalbard and Jan Mayen Islands'),
 (210,'SZ','Swaziland'),
 (211,'SE','Sweden'),
 (212,'CH','Switzerland'),
 (213,'SY','Syrian Arab Republic'),
 (214,'TW','Taiwan'),
 (215,'TJ','Tajikistan'),
 (216,'TZ','Tanzania, United Republic of'),
 (217,'TH','Thailand'),
 (218,'TG','Togo'),
 (219,'TK','Tokelau'),
 (220,'TO','Tonga'),
 (221,'TT','Trinidad and Tobago'),
 (222,'TN','Tunisia'),
 (223,'TR','Turkey'),
 (224,'TM','Turkmenistan'),
 (225,'TC','Turks and Caicos Islands'),
 (226,'TV','Tuvalu'),
 (227,'UG','Uganda'),
 (228,'UA','Ukraine'),
 (229,'AE','United Arab Emirates'),
 (230,'GB','United Kingdom'),
 (231,'US','United States'),
 (232,'UM','United States minor outlying islands'),
 (233,'UY','Uruguay'),
 (234,'UZ','Uzbekistan'),
 (235,'VU','Vanuatu'),
 (236,'VA','Vatican City State'),
 (237,'VE','Venezuela'),
 (238,'VN','Vietnam'),
 (239,'VG','Virgin Islands (British)'),
 (240,'VI','Virgin Islands (U.S.)'),
 (241,'WF','Wallis and Futuna Islands'),
 (242,'EH','Western Sahara'),
 (243,'YE','Yemen'),
 (244,'ZR','Zaire'),
 (245,'ZM','Zambia'),
 (246,'ZW','Zimbabwe'),
 (247,'AF','Afghanistan'),
 (248,'AL','Albania'),
 (249,'DZ','Algeria'),
 (250,'DS','American Samoa'),
 (251,'AD','Andorra'),
 (252,'AO','Angola'),
 (253,'AI','Anguilla'),
 (254,'AQ','Antarctica'),
 (255,'AG','Antigua and Barbuda'),
 (256,'AR','Argentina'),
 (257,'AM','Armenia'),
 (258,'AW','Aruba'),
 (259,'AU','Australia'),
 (260,'AT','Austria'),
 (261,'AZ','Azerbaijan'),
 (262,'BS','Bahamas'),
 (263,'BH','Bahrain'),
 (264,'BD','Bangladesh'),
 (265,'BB','Barbados'),
 (266,'BY','Belarus'),
 (267,'BE','Belgium'),
 (268,'BZ','Belize'),
 (269,'BJ','Benin'),
 (270,'BM','Bermuda'),
 (271,'BT','Bhutan'),
 (272,'BO','Bolivia'),
 (273,'BA','Bosnia and Herzegovina'),
 (274,'BW','Botswana'),
 (275,'BV','Bouvet Island'),
 (276,'BR','Brazil'),
 (277,'IO','British Indian Ocean Territory'),
 (278,'BN','Brunei Darussalam'),
 (279,'BG','Bulgaria'),
 (280,'BF','Burkina Faso'),
 (281,'BI','Burundi'),
 (282,'KH','Cambodia'),
 (283,'CM','Cameroon'),
 (284,'CA','Canada'),
 (285,'CV','Cape Verde'),
 (286,'KY','Cayman Islands'),
 (287,'CF','Central African Republic'),
 (288,'TD','Chad'),
 (289,'CL','Chile'),
 (290,'CN','China'),
 (291,'CX','Christmas Island'),
 (292,'CC','Cocos (Keeling) Islands'),
 (293,'CO','Colombia'),
 (294,'KM','Comoros'),
 (295,'CG','Congo'),
 (296,'CK','Cook Islands'),
 (297,'CR','Costa Rica'),
 (298,'HR','Croatia (Hrvatska)'),
 (299,'CU','Cuba'),
 (300,'CY','Cyprus'),
 (301,'CZ','Czech Republic'),
 (302,'DK','Denmark'),
 (303,'DJ','Djibouti'),
 (304,'DM','Dominica'),
 (305,'DO','Dominican Republic'),
 (306,'TP','East Timor'),
 (307,'EC','Ecuador'),
 (308,'EG','Egypt'),
 (309,'SV','El Salvador'),
 (310,'GQ','Equatorial Guinea'),
 (311,'ER','Eritrea'),
 (312,'EE','Estonia'),
 (313,'ET','Ethiopia'),
 (314,'FK','Falkland Islands (Malvinas)'),
 (315,'FO','Faroe Islands'),
 (316,'FJ','Fiji'),
 (317,'FI','Finland'),
 (318,'FR','France'),
 (319,'FX','France, Metropolitan'),
 (320,'GF','French Guiana'),
 (321,'PF','French Polynesia'),
 (322,'TF','French Southern Territories'),
 (323,'GA','Gabon'),
 (324,'GM','Gambia'),
 (325,'GE','Georgia'),
 (326,'DE','Germany'),
 (327,'GH','Ghana'),
 (328,'GI','Gibraltar'),
 (329,'GK','Guernsey'),
 (330,'GR','Greece'),
 (331,'GL','Greenland'),
 (332,'GD','Grenada'),
 (333,'GP','Guadeloupe'),
 (334,'GU','Guam'),
 (335,'GT','Guatemala'),
 (336,'GN','Guinea'),
 (337,'GW','Guinea-Bissau'),
 (338,'GY','Guyana'),
 (339,'HT','Haiti'),
 (340,'HM','Heard and Mc Donald Islands'),
 (341,'HN','Honduras'),
 (342,'HK','Hong Kong'),
 (343,'HU','Hungary'),
 (344,'IS','Iceland'),
 (345,'IN','India'),
 (346,'IM','Isle of Man'),
 (347,'ID','Indonesia'),
 (348,'IR','Iran (Islamic Republic of)'),
 (349,'IQ','Iraq'),
 (350,'IE','Ireland'),
 (351,'IL','Israel'),
 (352,'IT','Italy'),
 (353,'CI','Ivory Coast'),
 (354,'JE','Jersey'),
 (355,'JM','Jamaica'),
 (356,'JP','Japan'),
 (357,'JO','Jordan'),
 (358,'KZ','Kazakhstan'),
 (359,'KE','Kenya'),
 (360,'KI','Kiribati'),
 (361,'KP','Korea, Democratic People\'s Republic of'),
 (362,'KR','Korea, Republic of'),
 (363,'XK','Kosovo'),
 (364,'KW','Kuwait'),
 (365,'KG','Kyrgyzstan'),
 (366,'LA','Lao People\'s Democratic Republic'),
 (367,'LV','Latvia'),
 (368,'LB','Lebanon'),
 (369,'LS','Lesotho'),
 (370,'LR','Liberia'),
 (371,'LY','Libyan Arab Jamahiriya'),
 (372,'LI','Liechtenstein'),
 (373,'LT','Lithuania'),
 (374,'LU','Luxembourg'),
 (375,'MO','Macau'),
 (376,'MK','Macedonia'),
 (377,'MG','Madagascar'),
 (378,'MW','Malawi'),
 (379,'MY','Malaysia'),
 (380,'MV','Maldives'),
 (381,'ML','Mali'),
 (382,'MT','Malta'),
 (383,'MH','Marshall Islands'),
 (384,'MQ','Martinique'),
 (385,'MR','Mauritania'),
 (386,'MU','Mauritius'),
 (387,'TY','Mayotte'),
 (388,'MX','Mexico'),
 (389,'FM','Micronesia, Federated States of'),
 (390,'MD','Moldova, Republic of'),
 (391,'MC','Monaco'),
 (392,'MN','Mongolia'),
 (393,'ME','Montenegro'),
 (394,'MS','Montserrat'),
 (395,'MA','Morocco'),
 (396,'MZ','Mozambique'),
 (397,'MM','Myanmar'),
 (398,'NA','Namibia'),
 (399,'NR','Nauru'),
 (400,'NP','Nepal'),
 (401,'NL','Netherlands'),
 (402,'AN','Netherlands Antilles'),
 (403,'NC','New Caledonia'),
 (404,'NZ','New Zealand'),
 (405,'NI','Nicaragua'),
 (406,'NE','Niger'),
 (407,'NG','Nigeria'),
 (408,'NU','Niue'),
 (409,'NF','Norfolk Island'),
 (410,'MP','Northern Mariana Islands'),
 (411,'NO','Norway'),
 (412,'OM','Oman'),
 (413,'PK','Pakistan'),
 (414,'PW','Palau'),
 (415,'PS','Palestine'),
 (416,'PA','Panama'),
 (417,'PG','Papua New Guinea'),
 (418,'PY','Paraguay'),
 (419,'PE','Peru'),
 (420,'PH','Philippines'),
 (421,'PN','Pitcairn'),
 (422,'PL','Poland'),
 (423,'PT','Portugal'),
 (424,'PR','Puerto Rico'),
 (425,'QA','Qatar'),
 (426,'RE','Reunion'),
 (427,'RO','Romania'),
 (428,'RU','Russian Federation'),
 (429,'RW','Rwanda'),
 (430,'KN','Saint Kitts and Nevis'),
 (431,'LC','Saint Lucia'),
 (432,'VC','Saint Vincent and the Grenadines'),
 (433,'WS','Samoa'),
 (434,'SM','San Marino'),
 (435,'ST','Sao Tome and Principe'),
 (436,'SA','Saudi Arabia'),
 (437,'SN','Senegal'),
 (438,'RS','Serbia'),
 (439,'SC','Seychelles'),
 (440,'SL','Sierra Leone'),
 (441,'SG','Singapore'),
 (442,'SK','Slovakia'),
 (443,'SI','Slovenia'),
 (444,'SB','Solomon Islands'),
 (445,'SO','Somalia'),
 (446,'ZA','South Africa'),
 (447,'GS','South Georgia South Sandwich Islands'),
 (448,'SS','South Sudan'),
 (449,'ES','Spain'),
 (450,'LK','Sri Lanka'),
 (451,'SH','St. Helena'),
 (452,'PM','St. Pierre and Miquelon'),
 (453,'SD','Sudan'),
 (454,'SR','Suriname'),
 (455,'SJ','Svalbard and Jan Mayen Islands'),
 (456,'SZ','Swaziland'),
 (457,'SE','Sweden'),
 (458,'CH','Switzerland'),
 (459,'SY','Syrian Arab Republic'),
 (460,'TW','Taiwan'),
 (461,'TJ','Tajikistan'),
 (462,'TZ','Tanzania, United Republic of'),
 (463,'TH','Thailand'),
 (464,'TG','Togo'),
 (465,'TK','Tokelau'),
 (466,'TO','Tonga'),
 (467,'TT','Trinidad and Tobago'),
 (468,'TN','Tunisia'),
 (469,'TR','Turkey'),
 (470,'TM','Turkmenistan'),
 (471,'TC','Turks and Caicos Islands'),
 (472,'TV','Tuvalu'),
 (473,'UG','Uganda'),
 (474,'UA','Ukraine'),
 (475,'AE','United Arab Emirates'),
 (476,'GB','United Kingdom'),
 (477,'US','United States'),
 (478,'UM','United States minor outlying islands'),
 (479,'UY','Uruguay'),
 (480,'UZ','Uzbekistan'),
 (481,'VU','Vanuatu'),
 (482,'VA','Vatican City State'),
 (483,'VE','Venezuela'),
 (484,'VN','Vietnam'),
 (485,'VG','Virgin Islands (British)'),
 (486,'VI','Virgin Islands (U.S.)'),
 (487,'WF','Wallis and Futuna Islands'),
 (488,'EH','Western Sahara'),
 (489,'YE','Yemen'),
 (490,'ZR','Zaire'),
 (491,'ZM','Zambia'),
 (492,'ZW','Zimbabwe'),
 (493,'AF','Afghanistan'),
 (494,'AL','Albania'),
 (495,'DZ','Algeria'),
 (496,'DS','American Samoa'),
 (497,'AD','Andorra'),
 (498,'AO','Angola'),
 (499,'AI','Anguilla'),
 (500,'AQ','Antarctica'),
 (501,'AG','Antigua and Barbuda'),
 (502,'AR','Argentina'),
 (503,'AM','Armenia'),
 (504,'AW','Aruba'),
 (505,'AU','Australia'),
 (506,'AT','Austria'),
 (507,'AZ','Azerbaijan'),
 (508,'BS','Bahamas'),
 (509,'BH','Bahrain'),
 (510,'BD','Bangladesh'),
 (511,'BB','Barbados'),
 (512,'BY','Belarus'),
 (513,'BE','Belgium'),
 (514,'BZ','Belize'),
 (515,'BJ','Benin'),
 (516,'BM','Bermuda'),
 (517,'BT','Bhutan'),
 (518,'BO','Bolivia'),
 (519,'BA','Bosnia and Herzegovina'),
 (520,'BW','Botswana'),
 (521,'BV','Bouvet Island'),
 (522,'BR','Brazil'),
 (523,'IO','British Indian Ocean Territory'),
 (524,'BN','Brunei Darussalam'),
 (525,'BG','Bulgaria'),
 (526,'BF','Burkina Faso'),
 (527,'BI','Burundi'),
 (528,'KH','Cambodia'),
 (529,'CM','Cameroon'),
 (530,'CA','Canada'),
 (531,'CV','Cape Verde'),
 (532,'KY','Cayman Islands'),
 (533,'CF','Central African Republic'),
 (534,'TD','Chad'),
 (535,'CL','Chile'),
 (536,'CN','China'),
 (537,'CX','Christmas Island'),
 (538,'CC','Cocos (Keeling) Islands'),
 (539,'CO','Colombia'),
 (540,'KM','Comoros'),
 (541,'CG','Congo'),
 (542,'CK','Cook Islands'),
 (543,'CR','Costa Rica'),
 (544,'HR','Croatia (Hrvatska)'),
 (545,'CU','Cuba'),
 (546,'CY','Cyprus'),
 (547,'CZ','Czech Republic'),
 (548,'DK','Denmark'),
 (549,'DJ','Djibouti'),
 (550,'DM','Dominica'),
 (551,'DO','Dominican Republic'),
 (552,'TP','East Timor'),
 (553,'EC','Ecuador'),
 (554,'EG','Egypt'),
 (555,'SV','El Salvador'),
 (556,'GQ','Equatorial Guinea'),
 (557,'ER','Eritrea'),
 (558,'EE','Estonia'),
 (559,'ET','Ethiopia'),
 (560,'FK','Falkland Islands (Malvinas)'),
 (561,'FO','Faroe Islands'),
 (562,'FJ','Fiji'),
 (563,'FI','Finland'),
 (564,'FR','France'),
 (565,'FX','France, Metropolitan'),
 (566,'GF','French Guiana'),
 (567,'PF','French Polynesia'),
 (568,'TF','French Southern Territories'),
 (569,'GA','Gabon'),
 (570,'GM','Gambia'),
 (571,'GE','Georgia'),
 (572,'DE','Germany'),
 (573,'GH','Ghana'),
 (574,'GI','Gibraltar'),
 (575,'GK','Guernsey'),
 (576,'GR','Greece'),
 (577,'GL','Greenland'),
 (578,'GD','Grenada'),
 (579,'GP','Guadeloupe'),
 (580,'GU','Guam'),
 (581,'GT','Guatemala'),
 (582,'GN','Guinea'),
 (583,'GW','Guinea-Bissau'),
 (584,'GY','Guyana'),
 (585,'HT','Haiti'),
 (586,'HM','Heard and Mc Donald Islands'),
 (587,'HN','Honduras'),
 (588,'HK','Hong Kong'),
 (589,'HU','Hungary'),
 (590,'IS','Iceland'),
 (591,'IN','India'),
 (592,'IM','Isle of Man'),
 (593,'ID','Indonesia'),
 (594,'IR','Iran (Islamic Republic of)'),
 (595,'IQ','Iraq'),
 (596,'IE','Ireland'),
 (597,'IL','Israel'),
 (598,'IT','Italy'),
 (599,'CI','Ivory Coast'),
 (600,'JE','Jersey'),
 (601,'JM','Jamaica'),
 (602,'JP','Japan'),
 (603,'JO','Jordan'),
 (604,'KZ','Kazakhstan'),
 (605,'KE','Kenya'),
 (606,'KI','Kiribati'),
 (607,'KP','Korea, Democratic People\'s Republic of'),
 (608,'KR','Korea, Republic of'),
 (609,'XK','Kosovo'),
 (610,'KW','Kuwait'),
 (611,'KG','Kyrgyzstan'),
 (612,'LA','Lao People\'s Democratic Republic'),
 (613,'LV','Latvia'),
 (614,'LB','Lebanon'),
 (615,'LS','Lesotho'),
 (616,'LR','Liberia'),
 (617,'LY','Libyan Arab Jamahiriya'),
 (618,'LI','Liechtenstein'),
 (619,'LT','Lithuania'),
 (620,'LU','Luxembourg'),
 (621,'MO','Macau'),
 (622,'MK','Macedonia'),
 (623,'MG','Madagascar'),
 (624,'MW','Malawi'),
 (625,'MY','Malaysia'),
 (626,'MV','Maldives'),
 (627,'ML','Mali'),
 (628,'MT','Malta'),
 (629,'MH','Marshall Islands'),
 (630,'MQ','Martinique'),
 (631,'MR','Mauritania'),
 (632,'MU','Mauritius'),
 (633,'TY','Mayotte'),
 (634,'MX','Mexico'),
 (635,'FM','Micronesia, Federated States of'),
 (636,'MD','Moldova, Republic of'),
 (637,'MC','Monaco'),
 (638,'MN','Mongolia'),
 (639,'ME','Montenegro'),
 (640,'MS','Montserrat'),
 (641,'MA','Morocco'),
 (642,'MZ','Mozambique'),
 (643,'MM','Myanmar'),
 (644,'NA','Namibia'),
 (645,'NR','Nauru'),
 (646,'NP','Nepal'),
 (647,'NL','Netherlands'),
 (648,'AN','Netherlands Antilles'),
 (649,'NC','New Caledonia'),
 (650,'NZ','New Zealand'),
 (651,'NI','Nicaragua'),
 (652,'NE','Niger'),
 (653,'NG','Nigeria'),
 (654,'NU','Niue'),
 (655,'NF','Norfolk Island'),
 (656,'MP','Northern Mariana Islands'),
 (657,'NO','Norway'),
 (658,'OM','Oman'),
 (659,'PK','Pakistan'),
 (660,'PW','Palau'),
 (661,'PS','Palestine'),
 (662,'PA','Panama'),
 (663,'PG','Papua New Guinea'),
 (664,'PY','Paraguay'),
 (665,'PE','Peru'),
 (666,'PH','Philippines'),
 (667,'PN','Pitcairn'),
 (668,'PL','Poland'),
 (669,'PT','Portugal'),
 (670,'PR','Puerto Rico'),
 (671,'QA','Qatar'),
 (672,'RE','Reunion'),
 (673,'RO','Romania'),
 (674,'RU','Russian Federation'),
 (675,'RW','Rwanda'),
 (676,'KN','Saint Kitts and Nevis'),
 (677,'LC','Saint Lucia'),
 (678,'VC','Saint Vincent and the Grenadines'),
 (679,'WS','Samoa'),
 (680,'SM','San Marino'),
 (681,'ST','Sao Tome and Principe'),
 (682,'SA','Saudi Arabia'),
 (683,'SN','Senegal'),
 (684,'RS','Serbia'),
 (685,'SC','Seychelles'),
 (686,'SL','Sierra Leone'),
 (687,'SG','Singapore'),
 (688,'SK','Slovakia'),
 (689,'SI','Slovenia'),
 (690,'SB','Solomon Islands'),
 (691,'SO','Somalia'),
 (692,'ZA','South Africa'),
 (693,'GS','South Georgia South Sandwich Islands'),
 (694,'SS','South Sudan'),
 (695,'ES','Spain'),
 (696,'LK','Sri Lanka'),
 (697,'SH','St. Helena'),
 (698,'PM','St. Pierre and Miquelon'),
 (699,'SD','Sudan'),
 (700,'SR','Suriname'),
 (701,'SJ','Svalbard and Jan Mayen Islands'),
 (702,'SZ','Swaziland'),
 (703,'SE','Sweden'),
 (704,'CH','Switzerland'),
 (705,'SY','Syrian Arab Republic'),
 (706,'TW','Taiwan'),
 (707,'TJ','Tajikistan'),
 (708,'TZ','Tanzania, United Republic of'),
 (709,'TH','Thailand'),
 (710,'TG','Togo'),
 (711,'TK','Tokelau'),
 (712,'TO','Tonga'),
 (713,'TT','Trinidad and Tobago'),
 (714,'TN','Tunisia'),
 (715,'TR','Turkey'),
 (716,'TM','Turkmenistan'),
 (717,'TC','Turks and Caicos Islands'),
 (718,'TV','Tuvalu'),
 (719,'UG','Uganda'),
 (720,'UA','Ukraine'),
 (721,'AE','United Arab Emirates'),
 (722,'GB','United Kingdom'),
 (723,'US','United States'),
 (724,'UM','United States minor outlying islands'),
 (725,'UY','Uruguay'),
 (726,'UZ','Uzbekistan'),
 (727,'VU','Vanuatu'),
 (728,'VA','Vatican City State'),
 (729,'VE','Venezuela'),
 (730,'VN','Vietnam'),
 (731,'VG','Virgin Islands (British)'),
 (732,'VI','Virgin Islands (U.S.)'),
 (733,'WF','Wallis and Futuna Islands'),
 (734,'EH','Western Sahara'),
 (735,'YE','Yemen'),
 (736,'ZR','Zaire'),
 (737,'ZM','Zambia'),
 (738,'ZW','Zimbabwe'),
 (739,'AF','Afghanistan'),
 (740,'AL','Albania'),
 (741,'DZ','Algeria'),
 (742,'DS','American Samoa'),
 (743,'AD','Andorra'),
 (744,'AO','Angola'),
 (745,'AI','Anguilla'),
 (746,'AQ','Antarctica'),
 (747,'AG','Antigua and Barbuda'),
 (748,'AR','Argentina'),
 (749,'AM','Armenia'),
 (750,'AW','Aruba'),
 (751,'AU','Australia'),
 (752,'AT','Austria'),
 (753,'AZ','Azerbaijan'),
 (754,'BS','Bahamas'),
 (755,'BH','Bahrain'),
 (756,'BD','Bangladesh'),
 (757,'BB','Barbados'),
 (758,'BY','Belarus'),
 (759,'BE','Belgium'),
 (760,'BZ','Belize'),
 (761,'BJ','Benin'),
 (762,'BM','Bermuda'),
 (763,'BT','Bhutan'),
 (764,'BO','Bolivia'),
 (765,'BA','Bosnia and Herzegovina'),
 (766,'BW','Botswana'),
 (767,'BV','Bouvet Island'),
 (768,'BR','Brazil'),
 (769,'IO','British Indian Ocean Territory'),
 (770,'BN','Brunei Darussalam'),
 (771,'BG','Bulgaria'),
 (772,'BF','Burkina Faso'),
 (773,'BI','Burundi'),
 (774,'KH','Cambodia'),
 (775,'CM','Cameroon'),
 (776,'CA','Canada'),
 (777,'CV','Cape Verde'),
 (778,'KY','Cayman Islands'),
 (779,'CF','Central African Republic'),
 (780,'TD','Chad'),
 (781,'CL','Chile'),
 (782,'CN','China'),
 (783,'CX','Christmas Island'),
 (784,'CC','Cocos (Keeling) Islands'),
 (785,'CO','Colombia'),
 (786,'KM','Comoros'),
 (787,'CG','Congo'),
 (788,'CK','Cook Islands'),
 (789,'CR','Costa Rica'),
 (790,'HR','Croatia (Hrvatska)'),
 (791,'CU','Cuba'),
 (792,'CY','Cyprus'),
 (793,'CZ','Czech Republic'),
 (794,'DK','Denmark'),
 (795,'DJ','Djibouti'),
 (796,'DM','Dominica'),
 (797,'DO','Dominican Republic'),
 (798,'TP','East Timor'),
 (799,'EC','Ecuador'),
 (800,'EG','Egypt'),
 (801,'SV','El Salvador'),
 (802,'GQ','Equatorial Guinea'),
 (803,'ER','Eritrea'),
 (804,'EE','Estonia'),
 (805,'ET','Ethiopia'),
 (806,'FK','Falkland Islands (Malvinas)'),
 (807,'FO','Faroe Islands'),
 (808,'FJ','Fiji'),
 (809,'FI','Finland'),
 (810,'FR','France'),
 (811,'FX','France, Metropolitan'),
 (812,'GF','French Guiana'),
 (813,'PF','French Polynesia'),
 (814,'TF','French Southern Territories'),
 (815,'GA','Gabon'),
 (816,'GM','Gambia'),
 (817,'GE','Georgia'),
 (818,'DE','Germany'),
 (819,'GH','Ghana'),
 (820,'GI','Gibraltar'),
 (821,'GK','Guernsey'),
 (822,'GR','Greece'),
 (823,'GL','Greenland'),
 (824,'GD','Grenada'),
 (825,'GP','Guadeloupe'),
 (826,'GU','Guam'),
 (827,'GT','Guatemala'),
 (828,'GN','Guinea'),
 (829,'GW','Guinea-Bissau'),
 (830,'GY','Guyana'),
 (831,'HT','Haiti'),
 (832,'HM','Heard and Mc Donald Islands'),
 (833,'HN','Honduras'),
 (834,'HK','Hong Kong'),
 (835,'HU','Hungary'),
 (836,'IS','Iceland'),
 (837,'IN','India'),
 (838,'IM','Isle of Man'),
 (839,'ID','Indonesia'),
 (840,'IR','Iran (Islamic Republic of)'),
 (841,'IQ','Iraq'),
 (842,'IE','Ireland'),
 (843,'IL','Israel'),
 (844,'IT','Italy'),
 (845,'CI','Ivory Coast'),
 (846,'JE','Jersey'),
 (847,'JM','Jamaica'),
 (848,'JP','Japan'),
 (849,'JO','Jordan'),
 (850,'KZ','Kazakhstan'),
 (851,'KE','Kenya'),
 (852,'KI','Kiribati'),
 (853,'KP','Korea, Democratic People\'s Republic of'),
 (854,'KR','Korea, Republic of'),
 (855,'XK','Kosovo'),
 (856,'KW','Kuwait'),
 (857,'KG','Kyrgyzstan'),
 (858,'LA','Lao People\'s Democratic Republic'),
 (859,'LV','Latvia'),
 (860,'LB','Lebanon'),
 (861,'LS','Lesotho'),
 (862,'LR','Liberia'),
 (863,'LY','Libyan Arab Jamahiriya'),
 (864,'LI','Liechtenstein'),
 (865,'LT','Lithuania'),
 (866,'LU','Luxembourg'),
 (867,'MO','Macau'),
 (868,'MK','Macedonia'),
 (869,'MG','Madagascar'),
 (870,'MW','Malawi'),
 (871,'MY','Malaysia'),
 (872,'MV','Maldives'),
 (873,'ML','Mali'),
 (874,'MT','Malta'),
 (875,'MH','Marshall Islands'),
 (876,'MQ','Martinique'),
 (877,'MR','Mauritania'),
 (878,'MU','Mauritius'),
 (879,'TY','Mayotte'),
 (880,'MX','Mexico'),
 (881,'FM','Micronesia, Federated States of'),
 (882,'MD','Moldova, Republic of'),
 (883,'MC','Monaco'),
 (884,'MN','Mongolia'),
 (885,'ME','Montenegro'),
 (886,'MS','Montserrat'),
 (887,'MA','Morocco'),
 (888,'MZ','Mozambique'),
 (889,'MM','Myanmar'),
 (890,'NA','Namibia'),
 (891,'NR','Nauru'),
 (892,'NP','Nepal'),
 (893,'NL','Netherlands'),
 (894,'AN','Netherlands Antilles'),
 (895,'NC','New Caledonia'),
 (896,'NZ','New Zealand'),
 (897,'NI','Nicaragua'),
 (898,'NE','Niger'),
 (899,'NG','Nigeria'),
 (900,'NU','Niue'),
 (901,'NF','Norfolk Island'),
 (902,'MP','Northern Mariana Islands'),
 (903,'NO','Norway'),
 (904,'OM','Oman'),
 (905,'PK','Pakistan'),
 (906,'PW','Palau'),
 (907,'PS','Palestine'),
 (908,'PA','Panama'),
 (909,'PG','Papua New Guinea'),
 (910,'PY','Paraguay'),
 (911,'PE','Peru'),
 (912,'PH','Philippines'),
 (913,'PN','Pitcairn'),
 (914,'PL','Poland'),
 (915,'PT','Portugal'),
 (916,'PR','Puerto Rico'),
 (917,'QA','Qatar'),
 (918,'RE','Reunion'),
 (919,'RO','Romania'),
 (920,'RU','Russian Federation'),
 (921,'RW','Rwanda'),
 (922,'KN','Saint Kitts and Nevis'),
 (923,'LC','Saint Lucia'),
 (924,'VC','Saint Vincent and the Grenadines'),
 (925,'WS','Samoa'),
 (926,'SM','San Marino'),
 (927,'ST','Sao Tome and Principe'),
 (928,'SA','Saudi Arabia'),
 (929,'SN','Senegal'),
 (930,'RS','Serbia'),
 (931,'SC','Seychelles'),
 (932,'SL','Sierra Leone'),
 (933,'SG','Singapore'),
 (934,'SK','Slovakia'),
 (935,'SI','Slovenia'),
 (936,'SB','Solomon Islands'),
 (937,'SO','Somalia'),
 (938,'ZA','South Africa'),
 (939,'GS','South Georgia South Sandwich Islands'),
 (940,'SS','South Sudan'),
 (941,'ES','Spain'),
 (942,'LK','Sri Lanka'),
 (943,'SH','St. Helena'),
 (944,'PM','St. Pierre and Miquelon'),
 (945,'SD','Sudan'),
 (946,'SR','Suriname'),
 (947,'SJ','Svalbard and Jan Mayen Islands'),
 (948,'SZ','Swaziland'),
 (949,'SE','Sweden'),
 (950,'CH','Switzerland'),
 (951,'SY','Syrian Arab Republic'),
 (952,'TW','Taiwan'),
 (953,'TJ','Tajikistan'),
 (954,'TZ','Tanzania, United Republic of'),
 (955,'TH','Thailand'),
 (956,'TG','Togo'),
 (957,'TK','Tokelau'),
 (958,'TO','Tonga'),
 (959,'TT','Trinidad and Tobago'),
 (960,'TN','Tunisia'),
 (961,'TR','Turkey'),
 (962,'TM','Turkmenistan'),
 (963,'TC','Turks and Caicos Islands'),
 (964,'TV','Tuvalu'),
 (965,'UG','Uganda'),
 (966,'UA','Ukraine'),
 (967,'AE','United Arab Emirates'),
 (968,'GB','United Kingdom'),
 (969,'US','United States'),
 (970,'UM','United States minor outlying islands'),
 (971,'UY','Uruguay'),
 (972,'UZ','Uzbekistan'),
 (973,'VU','Vanuatu'),
 (974,'VA','Vatican City State'),
 (975,'VE','Venezuela'),
 (976,'VN','Vietnam'),
 (977,'VG','Virgin Islands (British)'),
 (978,'VI','Virgin Islands (U.S.)'),
 (979,'WF','Wallis and Futuna Islands'),
 (980,'EH','Western Sahara'),
 (981,'YE','Yemen'),
 (982,'ZR','Zaire'),
 (983,'ZM','Zambia'),
 (984,'ZW','Zimbabwe');
/*!40000 ALTER TABLE `country` ENABLE KEYS */;


--
-- Definition of table `decorator`
--

DROP TABLE IF EXISTS `decorator`;
CREATE TABLE `decorator` (
  `id` int(10) unsigned NOT NULL AUTO_INCREMENT,
  `name` varchar(100) NOT NULL DEFAULT '',
  `phone` varchar(20) NOT NULL DEFAULT '',
  `email` varchar(100) NOT NULL DEFAULT '',
  `address` varchar(45) NOT NULL DEFAULT '',
  `status` int(1) unsigned NOT NULL DEFAULT '0',
  `c_date` datetime NOT NULL DEFAULT CURRENT_TIMESTAMP,
  `up_date` datetime NOT NULL DEFAULT CURRENT_TIMESTAMP ON UPDATE CURRENT_TIMESTAMP,
  PRIMARY KEY (`id`)
) ENGINE=InnoDB AUTO_INCREMENT=3 DEFAULT CHARSET=latin1;

--
-- Dumping data for table `decorator`
--

/*!40000 ALTER TABLE `decorator` DISABLE KEYS */;
INSERT INTO `decorator` (`id`,`name`,`phone`,`email`,`address`,`status`,`c_date`,`up_date`) VALUES 
 (1,'Boshundora Group','01812334720','bashundhara@gmail.com','Narayangonj',1,'2018-12-03 13:23:01','2018-12-03 13:23:01'),
 (2,'Baximco Group','01674336718','baximco@gmail.com','Gazipur',1,'2018-12-03 13:24:16','2018-12-03 13:24:16');
/*!40000 ALTER TABLE `decorator` ENABLE KEYS */;


--
-- Definition of table `districts`
--

DROP TABLE IF EXISTS `districts`;
CREATE TABLE `districts` (
  `id` int(11) NOT NULL AUTO_INCREMENT,
  `name` varchar(250) NOT NULL,
  `divisions_id` int(11) NOT NULL,
  PRIMARY KEY (`id`)
) ENGINE=InnoDB AUTO_INCREMENT=64 DEFAULT CHARSET=latin1;

--
-- Dumping data for table `districts`
--

/*!40000 ALTER TABLE `districts` DISABLE KEYS */;
INSERT INTO `districts` (`id`,`name`,`divisions_id`) VALUES 
 (1,'Dhaka',1),
 (2,'Brahmanbaria',2),
 (3,'Bagherhat',7),
 (4,'Bandarban',2),
 (5,'Barguna',3),
 (6,'Barishal',3),
 (7,'Bhola',3),
 (8,'Bogra',5),
 (9,'C. Nawabganj',5),
 (10,'Chandpur',2),
 (11,'Chittagong',2),
 (12,'Chuadanga',7),
 (13,'Comilla',2),
 (14,'Dinajpur',6),
 (15,'Faridpur',1),
 (16,'Feni',2),
 (17,'Gaibandha',6),
 (18,'Gazipur',1),
 (19,'Gopalganj',1),
 (20,'Habiganj',4),
 (21,'Jamalpur',1),
 (22,'Jessore',7),
 (23,'Jhalokathi',3),
 (24,'Jhenaidah',7),
 (25,'Joypurhat',5),
 (26,'Khagrachari',2),
 (27,'Khulna',7),
 (28,'Kishoreganj',1),
 (29,'Kurigram',6),
 (30,'Kushtia',7),
 (31,'Lalmonirhat',6),
 (32,'Laxmipur',2),
 (33,'Madaripur',1),
 (34,'Magura',7),
 (35,'Manikganj',1),
 (36,'Meherpur',7),
 (37,'Moulvibazar',4),
 (38,'Munshiganj',1),
 (39,'Mymensingh',1),
 (40,'Naogaon',5),
 (41,'Narail',7),
 (42,'Narayanganj',1),
 (43,'Narshingdi',1),
 (44,'Natore',5),
 (45,'Netrakona',1),
 (46,'Nilphamari',6),
 (47,'Noakhali',2),
 (48,'Pabna',5),
 (49,'Panchagarh',6),
 (50,'Patuakhali',3),
 (51,'Perojpur',3),
 (52,'Rajbari',1),
 (53,'Rajshahi',5),
 (54,'Rangamati',2),
 (55,'Rangpur',6),
 (56,'Satkhira',7),
 (57,'Serajganj',5),
 (58,'Shariatpur',1),
 (59,'Sherpur',1),
 (60,'Sunamganj',4),
 (61,'Sylhet',4),
 (62,'Tangail',1),
 (63,'Thakurgaon',6);
/*!40000 ALTER TABLE `districts` ENABLE KEYS */;


--
-- Definition of table `divisions`
--

DROP TABLE IF EXISTS `divisions`;
CREATE TABLE `divisions` (
  `id` int(11) NOT NULL AUTO_INCREMENT,
  `name` varchar(250) NOT NULL,
  PRIMARY KEY (`id`)
) ENGINE=InnoDB AUTO_INCREMENT=9 DEFAULT CHARSET=latin1;

--
-- Dumping data for table `divisions`
--

/*!40000 ALTER TABLE `divisions` DISABLE KEYS */;
INSERT INTO `divisions` (`id`,`name`) VALUES 
 (1,'Dhaka'),
 (2,'Chittagang'),
 (3,'Barisal'),
 (4,'Sylhet'),
 (5,'Rajshahi'),
 (6,'Rangpur'),
 (7,'Khulna'),
 (8,'Mymensingh');
/*!40000 ALTER TABLE `divisions` ENABLE KEYS */;


--
-- Definition of table `employee`
--

DROP TABLE IF EXISTS `employee`;
CREATE TABLE `employee` (
  `id` int(10) NOT NULL AUTO_INCREMENT,
  `name` varchar(50) NOT NULL DEFAULT '',
  `email` varchar(50) NOT NULL DEFAULT '',
  `phone` varchar(20) NOT NULL DEFAULT '',
  `address` varchar(200) NOT NULL DEFAULT '',
  `username` varchar(50) NOT NULL DEFAULT '',
  `password` varchar(100) NOT NULL DEFAULT '',
  `create_date` datetime NOT NULL DEFAULT CURRENT_TIMESTAMP,
  `update_date` datetime NOT NULL DEFAULT CURRENT_TIMESTAMP ON UPDATE CURRENT_TIMESTAMP,
  `user_id` int(10) unsigned NOT NULL DEFAULT '0',
  PRIMARY KEY (`id`)
) ENGINE=InnoDB AUTO_INCREMENT=5 DEFAULT CHARSET=latin1;

--
-- Dumping data for table `employee`
--

/*!40000 ALTER TABLE `employee` DISABLE KEYS */;
INSERT INTO `employee` (`id`,`name`,`email`,`phone`,`address`,`username`,`password`,`create_date`,`update_date`,`user_id`) VALUES 
 (1,'MOHIBUR  RAHMAN','mohib@gmail.com','+8801812334720','dhanmondi','mohib','123245','2018-12-02 10:40:28','2018-12-02 18:59:04',0),
 (4,'MOHIBUR  RAHMAN','mohib@gmail.com','+8801812334720','dhanmondi,dhaka','mohib','1232856','2018-12-02 19:18:36','2018-12-02 19:18:36',0);
/*!40000 ALTER TABLE `employee` ENABLE KEYS */;


--
-- Definition of table `event`
--

DROP TABLE IF EXISTS `event`;
CREATE TABLE `event` (
  `id` int(20) unsigned NOT NULL AUTO_INCREMENT,
  `e_name` varchar(100) NOT NULL DEFAULT '',
  `start_date_time` datetime NOT NULL DEFAULT '0000-00-00 00:00:00',
  `end_date_time` datetime NOT NULL DEFAULT '0000-00-00 00:00:00',
  `vanue_id` int(10) unsigned NOT NULL DEFAULT '0',
  `decorator_id` int(10) unsigned NOT NULL DEFAULT '0',
  `client_id` int(10) unsigned NOT NULL DEFAULT '0',
  `user_id` int(10) unsigned NOT NULL DEFAULT '0',
  `e_type` int(2) unsigned NOT NULL DEFAULT '0',
  `employee_id` varchar(10) NOT NULL DEFAULT '',
  `c_date` datetime NOT NULL DEFAULT CURRENT_TIMESTAMP,
  `up_date` datetime NOT NULL DEFAULT CURRENT_TIMESTAMP ON UPDATE CURRENT_TIMESTAMP,
  `price_type_id` int(10) unsigned NOT NULL DEFAULT '0',
  `e_title` varchar(50) NOT NULL DEFAULT '',
  `e_category` varchar(10) NOT NULL DEFAULT '',
  `location` varchar(200) NOT NULL DEFAULT '',
  `total_attendance` varchar(10) NOT NULL DEFAULT '',
  PRIMARY KEY (`id`)
) ENGINE=InnoDB AUTO_INCREMENT=12 DEFAULT CHARSET=latin1;

--
-- Dumping data for table `event`
--

/*!40000 ALTER TABLE `event` DISABLE KEYS */;
INSERT INTO `event` (`id`,`e_name`,`start_date_time`,`end_date_time`,`vanue_id`,`decorator_id`,`client_id`,`user_id`,`e_type`,`employee_id`,`c_date`,`up_date`,`price_type_id`,`e_title`,`e_category`,`location`,`total_attendance`) VALUES 
 (1,'1st Event','2018-12-20 07:30:00','2018-12-22 18:00:00',6,0,1,4,0,'2','2018-12-08 12:54:46','2019-01-20 21:11:07',0,'Hello World','2','B5,303,Dhanmondi,','200'),
 (2,'2nd Event','2018-12-21 10:30:00','2018-12-12 18:00:00',6,0,2,4,0,'3','2018-12-09 09:32:46','2019-01-20 21:11:05',0,'Hello World','1','Khulna,','200'),
 (3,'3rd Event','2018-12-24 07:30:00','2018-12-26 19:30:00',9,0,1,4,0,'2','2018-12-09 09:33:29','2019-01-20 21:11:08',0,'Hello World','2','Khulna,','200'),
 (4,'4th Event','2018-12-30 10:00:00','2018-12-29 20:30:00',9,1,1,4,10,'1','2018-12-09 09:48:04','2019-01-20 21:11:10',3,'Hello World','1','cumilla','200'),
 (5,'5th Event','2018-11-10 07:30:00','2018-11-15 18:00:00',9,2,1,4,10,'1','2018-12-09 10:16:12','2019-01-20 21:11:07',3,'Hello World','2','Dhaka','200'),
 (6,'6th Event','2018-09-20 10:20:00','2018-09-25 18:00:00',10,1,1,4,11,'1','2018-12-09 10:18:51','2019-01-20 21:11:07',3,' World','1','Cumilla','200'),
 (7,'7th Event','2019-01-05 10:20:00','2019-01-07 18:00:00',8,2,2,4,10,'1','2018-12-09 10:20:36','2019-01-20 21:12:39',3,' World','2','Dhaka','200'),
 (8,'8th Event','2019-01-10 07:30:00','2019-01-11 18:00:00',9,1,1,4,8,'1','2018-12-09 10:24:17','2019-01-20 21:39:13',3,'Know Thy Self','1','cumilla','200'),
 (9,'9th Event','2019-01-20 10:00:00','2019-01-25 19:30:00',7,2,2,4,3,'1','2018-12-09 10:48:35','2019-01-20 21:11:08',3,'International it ','1','Dhaka','500'),
 (10,'wdpf36','2019-02-10 10:30:00','2019-02-15 18:00:00',8,1,1,4,4,'1','2018-12-14 09:14:57','2019-01-20 21:11:08',3,'it scholarship','1','apcl','500'),
 (11,'wdpf36','2019-02-27 10:30:00','2019-03-05 18:00:00',8,1,1,4,4,'1','2018-12-14 09:15:27','2019-01-20 22:13:29',3,'it scholarship','1','apcl','500');
/*!40000 ALTER TABLE `event` ENABLE KEYS */;


--
-- Definition of table `event_name`
--

DROP TABLE IF EXISTS `event_name`;
CREATE TABLE `event_name` (
  `id` int(10) unsigned NOT NULL AUTO_INCREMENT,
  `name` varchar(100) NOT NULL DEFAULT '',
  `category_id` varchar(45) NOT NULL DEFAULT '',
  PRIMARY KEY (`id`)
) ENGINE=InnoDB AUTO_INCREMENT=26 DEFAULT CHARSET=latin1;

--
-- Dumping data for table `event_name`
--

/*!40000 ALTER TABLE `event_name` DISABLE KEYS */;
INSERT INTO `event_name` (`id`,`name`,`category_id`) VALUES 
 (1,'Wedding','1'),
 (2,'Birthday','1'),
 (3,'Parties','1'),
 (4,'Anniverseries','1'),
 (5,' Bar mitzvahs','1'),
 (6,'Holidays','1'),
 (7,'Baby Showers','1'),
 (8,'Reunions','1'),
 (9,'Meetings','2'),
 (10,'Company events','2'),
 (11,'Seminars','2'),
 (12,'Conventions','2'),
 (13,'Associations ','2'),
 (14,'Charities','2'),
 (15,'Fastivals','1'),
 (16,'Conferences','2'),
 (17,'Formal Parties','2'),
 (18,'Concerts','1'),
 (19,'Studying The Brands','1'),
 (20,'Trade Show','2'),
 (21,'priduct Launchs','2'),
 (22,'Team Buildings','1'),
 (23,'Traing Session','1'),
 (24,'Ceremony','2'),
 (25,'Team Building','1');
/*!40000 ALTER TABLE `event_name` ENABLE KEYS */;


--
-- Definition of table `guardian`
--

DROP TABLE IF EXISTS `guardian`;
CREATE TABLE `guardian` (
  `id` int(20) unsigned NOT NULL AUTO_INCREMENT,
  `student_id` int(20) unsigned NOT NULL DEFAULT '0',
  `name` varchar(50) NOT NULL DEFAULT '',
  `phone` varchar(20) NOT NULL DEFAULT '',
  `email` varchar(100) NOT NULL DEFAULT '',
  `g_status` varchar(45) NOT NULL DEFAULT '',
  `ocupation` varchar(50) NOT NULL DEFAULT '',
  `monthly_income` int(20) unsigned NOT NULL DEFAULT '0',
  `username` varchar(50) NOT NULL DEFAULT '',
  `password` varchar(100) NOT NULL DEFAULT '',
  `multi_student` tinyint(2) unsigned NOT NULL DEFAULT '0',
  `apply_date` timestamp NOT NULL DEFAULT CURRENT_TIMESTAMP,
  `update` timestamp NOT NULL DEFAULT CURRENT_TIMESTAMP ON UPDATE CURRENT_TIMESTAMP,
  PRIMARY KEY (`id`)
) ENGINE=InnoDB DEFAULT CHARSET=latin1;

--
-- Dumping data for table `guardian`
--

/*!40000 ALTER TABLE `guardian` DISABLE KEYS */;
/*!40000 ALTER TABLE `guardian` ENABLE KEYS */;


--
-- Definition of table `guid`
--

DROP TABLE IF EXISTS `guid`;
CREATE TABLE `guid` (
  `id` int(10) unsigned NOT NULL AUTO_INCREMENT,
  `guid_id` varchar(50) NOT NULL DEFAULT '',
  `event_id` int(20) unsigned NOT NULL DEFAULT '0',
  `employid_id` int(20) unsigned NOT NULL DEFAULT '0',
  `user_id` int(10) unsigned NOT NULL DEFAULT '0',
  `position` varchar(45) NOT NULL DEFAULT '',
  `status` int(1) unsigned NOT NULL DEFAULT '0',
  PRIMARY KEY (`id`)
) ENGINE=InnoDB AUTO_INCREMENT=3 DEFAULT CHARSET=latin1;

--
-- Dumping data for table `guid`
--

/*!40000 ALTER TABLE `guid` DISABLE KEYS */;
INSERT INTO `guid` (`id`,`guid_id`,`event_id`,`employid_id`,`user_id`,`position`,`status`) VALUES 
 (1,'2',5,0,4,'2',1),
 (2,'1',5,0,4,'2',1);
/*!40000 ALTER TABLE `guid` ENABLE KEYS */;


--
-- Definition of table `guid_det`
--

DROP TABLE IF EXISTS `guid_det`;
CREATE TABLE `guid_det` (
  `id` int(10) unsigned NOT NULL AUTO_INCREMENT,
  `name` varchar(50) NOT NULL DEFAULT '',
  `contect` varchar(15) NOT NULL DEFAULT '',
  `address` varchar(50) NOT NULL DEFAULT '',
  PRIMARY KEY (`id`)
) ENGINE=InnoDB AUTO_INCREMENT=4 DEFAULT CHARSET=latin1;

--
-- Dumping data for table `guid_det`
--

/*!40000 ALTER TABLE `guid_det` DISABLE KEYS */;
INSERT INTO `guid_det` (`id`,`name`,`contect`,`address`) VALUES 
 (1,'atik bokshi','018912334720','dhaka'),
 (2,'saidul islam','01722186100','cumilla'),
 (3,'foisal ahmad','01674336718','dhaka');
/*!40000 ALTER TABLE `guid_det` ENABLE KEYS */;


--
-- Definition of table `payment_det`
--

DROP TABLE IF EXISTS `payment_det`;
CREATE TABLE `payment_det` (
  `id` int(5) unsigned NOT NULL AUTO_INCREMENT,
  `name` varchar(45) NOT NULL DEFAULT '',
  `price` int(10) unsigned NOT NULL DEFAULT '0',
  `uom` varchar(20) NOT NULL DEFAULT '',
  PRIMARY KEY (`id`)
) ENGINE=InnoDB AUTO_INCREMENT=11 DEFAULT CHARSET=latin1;

--
-- Dumping data for table `payment_det`
--

/*!40000 ALTER TABLE `payment_det` DISABLE KEYS */;
INSERT INTO `payment_det` (`id`,`name`,`price`,`uom`) VALUES 
 (1,'decorator',10000,'hour'),
 (2,'guid',1000,'person'),
 (3,'performers',15000,'person'),
 (4,'speaker',20000,'person'),
 (5,'transport',5000,'daily'),
 (6,'venue',50000,'daily'),
 (7,'food',200,'person'),
 (8,'advertisement',100000,'average'),
 (9,'gift',500,'person'),
 (10,'others',80000,'average');
/*!40000 ALTER TABLE `payment_det` ENABLE KEYS */;


--
-- Definition of table `payment_from_client`
--

DROP TABLE IF EXISTS `payment_from_client`;
CREATE TABLE `payment_from_client` (
  `id` int(10) unsigned NOT NULL AUTO_INCREMENT,
  `event_id` varchar(45) NOT NULL DEFAULT '',
  `total_payment` int(20) unsigned NOT NULL DEFAULT '0',
  `user_id` int(10) unsigned DEFAULT NULL,
  PRIMARY KEY (`id`)
) ENGINE=InnoDB AUTO_INCREMENT=3 DEFAULT CHARSET=latin1;

--
-- Dumping data for table `payment_from_client`
--

/*!40000 ALTER TABLE `payment_from_client` DISABLE KEYS */;
INSERT INTO `payment_from_client` (`id`,`event_id`,`total_payment`,`user_id`) VALUES 
 (1,'5',10480000,4),
 (2,'3',4800000,4);
/*!40000 ALTER TABLE `payment_from_client` ENABLE KEYS */;


--
-- Definition of table `performers`
--

DROP TABLE IF EXISTS `performers`;
CREATE TABLE `performers` (
  `id` int(10) unsigned NOT NULL AUTO_INCREMENT,
  `performers_id` int(10) unsigned NOT NULL DEFAULT '0',
  `event_id` int(10) unsigned NOT NULL DEFAULT '0',
  `user_id` int(10) unsigned NOT NULL DEFAULT '0',
  `status` int(1) unsigned NOT NULL DEFAULT '0',
  PRIMARY KEY (`id`)
) ENGINE=InnoDB AUTO_INCREMENT=3 DEFAULT CHARSET=latin1;

--
-- Dumping data for table `performers`
--

/*!40000 ALTER TABLE `performers` DISABLE KEYS */;
INSERT INTO `performers` (`id`,`performers_id`,`event_id`,`user_id`,`status`) VALUES 
 (1,1,2,4,1),
 (2,1,5,4,1);
/*!40000 ALTER TABLE `performers` ENABLE KEYS */;


--
-- Definition of table `performers_det`
--

DROP TABLE IF EXISTS `performers_det`;
CREATE TABLE `performers_det` (
  `id` int(10) unsigned NOT NULL AUTO_INCREMENT,
  `name` varchar(45) NOT NULL DEFAULT '',
  `contuct` varchar(45) NOT NULL DEFAULT '',
  `address` varchar(100) NOT NULL DEFAULT '',
  PRIMARY KEY (`id`)
) ENGINE=InnoDB AUTO_INCREMENT=4 DEFAULT CHARSET=latin1;

--
-- Dumping data for table `performers_det`
--

/*!40000 ALTER TABLE `performers_det` DISABLE KEYS */;
INSERT INTO `performers_det` (`id`,`name`,`contuct`,`address`) VALUES 
 (1,'mohibur rahman','01812334720','dhanmondi'),
 (2,'masud hasan','01722186100','mohammodpur'),
 (3,'ashfak','01812334720','motijil');
/*!40000 ALTER TABLE `performers_det` ENABLE KEYS */;


--
-- Definition of table `police_stations`
--

DROP TABLE IF EXISTS `police_stations`;
CREATE TABLE `police_stations` (
  `id` int(100) unsigned NOT NULL AUTO_INCREMENT,
  `name` varchar(100) NOT NULL DEFAULT '',
  `districts_id` int(100) DEFAULT '0',
  PRIMARY KEY (`id`)
) ENGINE=InnoDB AUTO_INCREMENT=796 DEFAULT CHARSET=latin1;

--
-- Dumping data for table `police_stations`
--

/*!40000 ALTER TABLE `police_stations` DISABLE KEYS */;
INSERT INTO `police_stations` (`id`,`name`,`districts_id`) VALUES 
 (1,'Dohar',1),
 (2,'Tejgaon Circle',1),
 (3,'Savar',1),
 (4,'Nawabganj',1),
 (5,'Keraniganj',1),
 (6,'Dhamrai',1),
 (7,'Ashuganj',2),
 (8,'Nasirnagar',2),
 (9,'Sarail',2),
 (10,'Bancharampur',2),
 (11,'B.Baria-S',2),
 (12,'Kasba',2),
 (13,'Nabinagar',2),
 (14,'Mongla',3),
 (15,'Chitalmari',3),
 (16,'Sharankhola',3),
 (17,'Rampal',3),
 (18,'Mollahat',3),
 (19,'Kachua',3),
 (20,'Fakirhat',3),
 (21,'Bagerhat-S',3),
 (22,'Morrelganj',3),
 (23,'Bandarban-S',4),
 (24,'Rowangchari',4),
 (25,'Thanchi',4),
 (26,'Lama',4),
 (27,'Naikhyongchari',4),
 (28,'Alikadam',4),
 (29,'Betagi',5),
 (30,'Amtali',5),
 (31,'Bamna',5),
 (32,'Barguna',5),
 (33,'Patharghata',5),
 (34,'Banaripara',6),
 (35,'Agailjhara',6),
 (36,'Gouranadi',6),
 (37,'Mehendiganj',6),
 (38,'Muladi',6),
 (39,'Babuganj',6),
 (40,'Bakerganj',6),
 (41,'Uzirpur',6),
 (42,'Barisal-S',6),
 (43,'Bhola-S',7),
 (44,'Charfassion',7),
 (45,'Lalmohan',7),
 (46,'Monpura',7),
 (47,'Tazumuddin',7),
 (48,'Daulatkhan',7),
 (49,'Borhanuddin',7),
 (50,'Adamdighi',8),
 (51,'Bogra-S',8),
 (52,'Dhunot',8),
 (53,'Dhupchancia',8),
 (54,'Gabtali',8),
 (55,'Kahaloo',8),
 (56,'Nandigram',8),
 (57,'Sariakandi',8),
 (58,'Sherpur',8),
 (59,'Shibganj',8),
 (60,'Sonatala',8),
 (61,'Shajahanpur',8),
 (62,'Gomostapur',9),
 (63,'Bholahat',9),
 (64,'Nachol',9),
 (65,'Nawabganj',9),
 (66,'Shibganj',9),
 (67,'Shahrasti',10),
 (68,'Chandpur-S',10),
 (69,'Faridganj',10),
 (70,'Haimchar',10),
 (71,'Haziganj',10),
 (72,'Matlab(Uttar)',10),
 (73,'Matlab(Dakshin ',10),
 (74,'Kachua',10),
 (75,'Sandwip',11),
 (76,'Lohagara',11),
 (77,'Satkania',11),
 (78,'Patiya',11),
 (79,'Chandanish',11),
 (80,'Boalkhali',11),
 (81,'Banskhali',11),
 (82,'Sitakunda',11),
 (83,'Raojan',11),
 (84,'Rangunia',11),
 (85,'Mirsharai',11),
 (86,'Hathazari',11),
 (87,'Fatikchari',11),
 (88,'Anwara',11),
 (89,'Damurhuda',12),
 (90,'Chuadanga-S',12),
 (91,'Jibannagar',12),
 (92,'Alamdanga',12),
 (93,'Chandina',13),
 (94,'Daudkandi',13),
 (95,'Debidwar',13),
 (96,'Barura',13),
 (97,'Homna',13),
 (98,'Monohorganj',13),
 (99,'Brahmanpara',13),
 (100,'Burichong',13),
 (101,'Chouddagram',13),
 (102,'Comilla-S',13),
 (103,'Laksham',13),
 (104,'Nangalkot',13),
 (105,'Titas',13),
 (106,'Comilla-S Daksin',13),
 (107,'Muradnagar',13),
 (108,'Meghna',13),
 (109,'Kutubdia',14),
 (110,'Chakoria',14),
 (111,'Pekua',14),
 (112,'Moheskhali',14),
 (113,'Ramu',14),
 (114,'Ukhiya',14),
 (115,'Teknaf',14),
 (116,'Birol',15),
 (117,'Bochaganj',15),
 (118,'Chirirbandar',15),
 (119,'Fulbari',15),
 (120,'Ghoraghat',15),
 (121,'Hakimpur',15),
 (122,'Kaharol',15),
 (123,'Khanshama',15),
 (124,'Dinajpur-S',15),
 (125,'Nawabganj',15),
 (126,'Birampur',15),
 (127,'Parbatipur',15),
 (128,'Birganj',15),
 (129,'Saltha',16),
 (130,'Nagarkanda',16),
 (131,'Alfadanga',16),
 (132,'Bhanga',16),
 (133,'Boalmari',16),
 (134,'Charbhadrasan',16),
 (135,'Faridpur-S',16),
 (136,'Sadarpur',16),
 (137,'Madhukhali',16),
 (138,'Daganbhuiyan',17),
 (139,'Chhagalniya',17),
 (140,'Sonagazi',17),
 (141,'Feni-S',17),
 (142,'Porshuram',17),
 (143,'Fulgazi',17),
 (144,'Saghata',18),
 (145,'Palashbari',18),
 (146,'Sundarganj',18),
 (147,'Sadullapur',18),
 (148,'Gobindaganj',18),
 (149,'Gaibandha-S',18),
 (150,'Fulchari',18),
 (151,'Sreepur',19),
 (152,'Kapasia',19),
 (153,'Kaliganj',19),
 (154,'Kaliakoir',19),
 (155,'Gazipur-S',19),
 (156,'Muksudpur',20),
 (157,'Kotwalipara',20),
 (158,'Tungipara',20),
 (159,'Gopalganj-S',20),
 (160,'Kasiani',20),
 (161,'Baniachong',21),
 (162,'Azmiriganj',21),
 (163,'Nabiganj',21),
 (164,'Madhabpur',21),
 (165,'Lakhai',21),
 (166,'Habiganj-S',21),
 (167,'Chunarughat',21),
 (168,'Bahubal',21),
 (169,'Dewanganj',22),
 (170,'Islampur',22),
 (171,'Jamalpur-S',22),
 (172,'Madarganj',22),
 (173,'Melendah',22),
 (174,'Sarishabari',22),
 (175,'Bakshiganj',22),
 (176,'Abhoynagar',23),
 (177,'Bagherpara',23),
 (178,'Chowgacha',23),
 (179,'Jhikargacha',23),
 (180,'Keshabpur',23),
 (181,'Jessore-S',23),
 (182,'Monirampur',23),
 (183,'Sarsha',23),
 (184,'Jhalokathi-S',24),
 (185,'Kathalia',24),
 (186,'Nalchity',24),
 (187,'Rajapur',24),
 (188,'Shailkupa',25),
 (189,'Moheshpur',25),
 (190,'Kotchandpur',25),
 (191,'Harinakunda',25),
 (192,'Jhenaidah-S',25),
 (193,'Kaliganj',25),
 (194,'Joypurhat-S',26),
 (195,'Akkelpur',26),
 (196,'Khetlal',26),
 (197,'Panchbibi',26),
 (198,'Kalai',26),
 (199,'Khagrachari-S',27),
 (200,'Mahalchari',27),
 (201,'Dighinala',27),
 (202,'Panchari',27),
 (203,'Ramgarh',27),
 (204,'Manikchari',27),
 (205,'Laxmichari',27),
 (206,'Matiranga',27),
 (207,'Dacope',28),
 (208,'Batiaghata',28),
 (209,'Dighalia',28),
 (210,'Dumuria',28),
 (211,'Koira',28),
 (212,'Paikgacha',28),
 (213,'Phultala',28),
 (214,'Terokhada',28),
 (215,'Rupsa',28),
 (216,'Kishoreganj-S',29),
 (217,'Mithamoin',29),
 (218,'Tarail',29),
 (219,'Pakundia',29),
 (220,'Kuliarchar',29),
 (221,'Katiadi',29),
 (222,'Nikli',29),
 (223,'Karimganj',29),
 (224,'Austagram',29),
 (225,'Bajitpur',29),
 (226,'Bhairab',29),
 (227,'Hossainpur',29),
 (228,'Itna',29),
 (229,'Bhurungamari',30),
 (230,'Rajibpur',30),
 (231,'Chilmari',30),
 (232,'Fulbari',30),
 (233,'Kurigram-S',30),
 (234,'Nageswari',30),
 (235,'Rowmari',30),
 (236,'Rajarhat',30),
 (237,'Ulipur',30),
 (238,'Khoksha',31),
 (239,'Bheramara',31),
 (240,'Daulatpur',31),
 (241,'Kumarkhali',31),
 (242,'Mirpur',31),
 (243,'Kushtia-S',31),
 (244,'Patgram',32),
 (245,'Lalmonirhat-S',32),
 (246,'Kaliganj',32),
 (247,'Hatibandha',32),
 (248,'Aditmari',32),
 (249,'Komol Nagar',33),
 (250,'Ramgati',33),
 (251,'Ramganj',33),
 (252,'Raipur',33),
 (253,'Laxmipur-S',33),
 (254,'Kalkini',34),
 (255,'Madaripur-S',34),
 (256,'Rajoir',34),
 (257,'Shibchar',34),
 (258,'Salikha',35),
 (259,'Magura-S',35),
 (260,'Mohammadpur',35),
 (261,'Sreepur',35),
 (262,'Manikganj-S',36),
 (263,'Daulatpur',36),
 (264,'Harirampur',36),
 (265,'Saturia',36),
 (266,'Shivalaya',36),
 (267,'Singair',36),
 (268,'Ghior',36),
 (269,'Gangni',37),
 (270,'Mujib Nagar',37),
 (271,'Meherpur-S',37),
 (272,'Kulaura',38),
 (273,'Kamalganj',38),
 (274,'Moulvibazar-S',38),
 (275,'Rajnagar',38),
 (276,'Sreemangal',38),
 (277,'Juri',38),
 (278,'Barlekha',38),
 (279,'Gazaria',39),
 (280,'Lauhajong',39),
 (281,'Munshiganj-S',39),
 (282,'Sreenagar',39),
 (283,'Tongibari',39),
 (284,'Sirajdikhan',39),
 (285,'Nandail',40),
 (286,'Haluaghat',40),
 (287,'Muktagacha',40),
 (288,'Trishal',40),
 (289,'Dhobaura',40),
 (290,'Gaffargaon',40),
 (291,'Fulbaria',40),
 (292,'Mymensingh-S',40),
 (293,'Ishwarganj',40),
 (294,'Phulpur',40),
 (295,'Gouripur',40),
 (296,'Bhaluka',40),
 (297,'Mohadevpur',41),
 (298,'Shapahar',41),
 (299,'Raninagar',41),
 (300,'Porsha',41),
 (301,'Patnitala',41),
 (302,'Dhamoirhat',41),
 (303,'Naogaon-S',41),
 (304,'Niamatpur',41),
 (305,'Atrai',41),
 (306,'Manda',41),
 (307,'Badalgachi',41),
 (308,'Narail-S',42),
 (309,'Lohagara',42),
 (310,'Kalia',42),
 (311,'Araihazar',43),
 (312,'Rupganj',43),
 (313,'Bandar',43),
 (314,'Sonargaon',43),
 (315,'Narayanganj-S',43),
 (316,'Shibpur',44),
 (317,'Palash',44),
 (318,'Narshingdi-S',44),
 (319,'Raipura',44),
 (320,'Belabo',44),
 (321,'Monohardi',44),
 (322,'Bagatipara',45),
 (323,'Baraigram',45),
 (324,'Gurudaspur',45),
 (325,'Lalpur',45),
 (326,'Natore-S',45),
 (327,'Singra',45),
 (328,'Kendua',46),
 (329,'Atpara',46),
 (330,'Barhatta',46),
 (331,'Durgapur',46),
 (332,'Kalmakanda',46),
 (333,'Madan',46),
 (334,'Mohanganj',46),
 (335,'Netrakona-S',46),
 (336,'Purbadhala',46),
 (337,'Khaliajuri',46),
 (338,'Dimla',47),
 (339,'Domar',47),
 (340,'Jaldhaka',47),
 (341,'Kishoreganj',47),
 (342,'Nilphamari-S',47),
 (343,'Sayedpur',47),
 (344,'Subarna Char',48),
 (345,'Kabir Hat',48),
 (346,'Sonaimuri',48),
 (347,'Noakhali-S',48),
 (348,'Chatkhil',48),
 (349,'Begumganj',48),
 (350,'Companiganj',48),
 (351,'Hatiya',48),
 (352,'Senbag',48),
 (353,'Atghoria',49),
 (354,'Chatmohar',49),
 (355,'Faridpur',49),
 (356,'Ishwardi',49),
 (357,'Bhangura',49),
 (358,'Sujanagar',49),
 (359,'Santhia',49),
 (360,'Pabna-S',49),
 (361,'Boda',50),
 (362,'Atwari',50),
 (363,'Debiganj',50),
 (364,'Panchagarh-S',50),
 (365,'Tetulia',50),
 (366,'Galachipa',51),
 (367,'Dashmina',51),
 (368,'Kalapara',51),
 (369,'Mirjaganj',51),
 (370,'Patuakhali-S',51),
 (371,'Dumki',51),
 (372,'Bauphal',51),
 (373,'Zianagar',52),
 (374,'Perojpur-S',52),
 (375,'Nazirpur',52),
 (376,'Nesarabad',52),
 (377,'Bhandaria',52),
 (378,'Kawkhali',52),
 (379,'Mothbaria',52),
 (380,'Baliakandi',53),
 (381,'Goalanda',53),
 (382,'Pangsha',53),
 (383,'Rajbari-S',53),
 (384,'Kalukhali',53),
 (385,'Godagari',54),
 (386,'Paba',54),
 (387,'Bagha',54),
 (388,'Bagmara',54),
 (389,'Charghat',54),
 (390,'Durgapur',54),
 (391,'Mohanpur',54),
 (392,'Puthia',54),
 (393,'Tanore',54),
 (394,'Rajosthali',55),
 (395,'Belaichari',55),
 (396,'Rangamati-S',55),
 (397,'Baghaichari',55),
 (398,'Kaptai',55),
 (399,'Nanniarchar',55),
 (400,'Juraichari',55),
 (401,'Langadu',55),
 (402,'Kaukhali',55),
 (403,'Pirgacha',56),
 (404,'Rangpur-S',56),
 (405,'Pirganj',56),
 (406,'Mithapukur',56),
 (407,'Taraganj',56),
 (408,'Kaunia',56),
 (409,'Gangachara',56),
 (410,'Badarganj',56),
 (411,'Assasuni',57),
 (412,'Kalaroa',57),
 (413,'Satkhira-S',57),
 (414,'Kaliganj',57),
 (415,'Debhata',57),
 (416,'Shyamnagar',57),
 (417,'Tala',57),
 (418,'Tarash',58),
 (419,'Ullapara',58),
 (420,'Serajganj-S',58),
 (421,'Shahzadpur',58),
 (422,'Raiganj',58),
 (423,'Kazipur',58),
 (424,'Chowhali',58),
 (425,'Belkuchi',58),
 (426,'Kamarkhand',58),
 (427,'Bhedarganj',59),
 (428,'Damuddya',59),
 (429,'Goshairhat',59),
 (430,'Naria',59),
 (431,'Shariatpur-S',59),
 (432,'Janjira',59),
 (433,'Nakla',60),
 (434,'Jhenaigati',60),
 (435,'Nalitabari',60),
 (436,'Sherpur-S',60),
 (437,'Sreebordi',60),
 (438,'Dakhin Sunamganj',61),
 (439,'Biswamvarpur',61),
 (440,'Tahirpur',61),
 (441,'Sunamganj-S',61),
 (442,'Sulla',61),
 (443,'Jamalganj',61),
 (444,'Jagannathpur',61),
 (445,'Doarabazar',61),
 (446,'Dharmapasha',61),
 (447,'Chatak',61),
 (448,'Derai',61),
 (449,'Companiganj',62),
 (450,'Kanaighat',62),
 (451,'Dakshin Surma',62),
 (452,'Zakiganj',62),
 (453,'Sylhet-S',62),
 (454,'Jointiapur',62),
 (455,'Gowainghat',62),
 (456,'Fenchuganj',62),
 (457,'Biswanath',62),
 (458,'Beanibazar',62),
 (459,'Balaganj',62),
 (460,'Golapganj',62),
 (461,'Ghatail',63),
 (462,'Shakhipur',63),
 (463,'Mirzapur',63),
 (464,'Tangail-S',63),
 (465,'Madhupur',63),
 (466,'Kalihati',63),
 (467,'Gopalpur',63),
 (468,'Nagarpur',63),
 (469,'Bhuapur',63),
 (470,'Basail',63),
 (471,'Dhanbari',63),
 (472,'Delduar',63),
 (473,'Thakurgaon-S',64),
 (474,'Baliadangi',64),
 (475,'Haripur',64),
 (476,'Pirganj',64),
 (477,'Ranisankail',64),
 (478,'Kundugram',50),
 (479,'Nasratpur',50),
 (480,'Shantahar',50),
 (481,'Erulia',51),
 (482,'Fanpore',51),
 (483,'Gokul',51),
 (484,'Lahiripara',51),
 (485,'Namuja',51),
 (486,'Nishindara',51),
 (487,'Noongola',51),
 (488,'Rajapur',51),
 (489,'Shabgram',51),
 (490,'Shakharia',51),
 (491,'Sekherkola',51),
 (492,'Bhandarbari',52),
 (493,'Chowkibari',52),
 (494,'Chikashi',52),
 (495,'Dhunat',52),
 (496,'Elangi',52),
 (497,'Gopalnagar',52),
 (498,'Goshaibari',52),
 (499,'Kalerpara',52),
 (500,'Mathurapur',52),
 (501,'Nimgachhi',52),
 (502,'Chamrul',53),
 (503,'Dhupchanchia',53),
 (504,'Gobindapur',53),
 (505,'Gunahar',53),
 (506,'Talora',53),
 (507,'Zianagar',53),
 (508,'Baliadighi',54),
 (509,'Dakshinpara',54),
 (510,'Durgahata',54),
 (511,'Gabtali',54),
 (512,'Kagoil',54),
 (513,'Mahishaban',54),
 (514,'Naruwala',54),
 (515,'Nasipur',54),
 (516,'Nepaltali',54),
 (517,'Rameshwarpur',54),
 (518,'Sonaroy',54),
 (519,'Birkedar',55),
 (520,'Durgapur',55),
 (521,'Jamgram',55),
 (522,'Kahaloo',55),
 (523,'Kalai',55),
 (524,'Malancho',55),
 (525,'Maruil',55),
 (526,'Narahotta',55),
 (527,'Paikar',55),
 (528,'Bhatgram',56),
 (529,'Bhatora',56),
 (530,'Burail',56),
 (531,'Nandigram',56),
 (532,'Thaltamajhgram',56),
 (533,'Bhelabari',57),
 (534,'Bohail',57),
 (535,'Chaluabari',57),
 (536,'Chandanbaisha',57),
 (537,'Fulbari',57),
 (538,'Hatsherpur',57),
 (539,'Kamalpur',57),
 (540,'Kazla',57),
 (541,'Karnibari',57),
 (542,'Kutubpur',57),
 (543,'Narchi',57),
 (544,'Sariakandi',57),
 (545,'Bhabanipur',58),
 (546,'Bishalpur',58),
 (547,'Garidaha',58),
 (548,'Khamarkandi',58),
 (549,'Khanpur',58),
 (550,'Kusumbi',58),
 (551,'Mirzapur',58),
 (552,'Shimabari',58),
 (553,'Sughat',58),
 (554,'Atmul',59),
 (555,'Bihar',59),
 (556,'Buriganj',59),
 (557,'Dewli',59),
 (558,'Kichak',59),
 (559,'Maidanhata',59),
 (560,'Majhihatta',59),
 (561,'Mokamtala',59),
 (562,'Pirab',59),
 (563,'Roynagar',59),
 (564,'Sayedpur',59),
 (565,'Shibganj',59),
 (566,'Balua',60),
 (567,'Digdair',60),
 (568,'Jorgachha',60),
 (569,'Madhupur',60),
 (570,'Pakulla',60),
 (571,'Sonatala',60),
 (572,'Tekanichukainagar',60),
 (573,'Amrul',61),
 (574,'Aria',61),
 (575,'Asekpur',61),
 (576,'Chupinagar',61),
 (577,'Gohail',61),
 (578,'Kharna',61),
 (579,'Khottapara',61),
 (580,'Madla',61),
 (581,'Majhira',61),
 (582,'Sultanganj',61),
 (583,'Alinagar',62),
 (584,'Bhangabari',62),
 (585,'Boalia',62),
 (586,'Chowdala',62),
 (587,'Gomastapur',62),
 (588,'Parbatipur',62),
 (589,'Radhanagar',62),
 (590,'Rahanpur',62),
 (591,'Bholahat',63),
 (592,'Daldali',63),
 (593,'Gohalbari',63),
 (594,'Jambaria',63),
 (595,'Fatepur',64),
 (596,'Kasba',64),
 (597,'Nachol',64),
 (598,'Nezampur',64),
 (599,'Alatuli',65),
 (600,'Balidanga',65),
 (601,'Barogharia',65),
 (602,'CharAnupnagar',65),
 (603,'Charbagdanga',65),
 (604,'Debinagar',65),
 (605,'Gobratala',65),
 (606,'Islampur',65),
 (607,'Jhilim',65),
 (608,'Maharajpur',65),
 (609,'Narayanpur',65),
 (610,'Ranihati',65),
 (611,'Shahajahanpur',65),
 (612,'Sundarpur',65),
 (613,'Binodpur',66),
 (614,'Chakkirti',66),
 (615,'Daipukuria',66),
 (616,'Dhainagar',66),
 (617,'Durlabhpur',66),
 (618,'Ghorapakhia',66),
 (619,'Kansat',66),
 (620,'Mobarakpur',66),
 (621,'Monakasha',66),
 (622,'Nayalabhanga',66),
 (623,'Panka',66),
 (624,'Chhatrajitpur',66),
 (625,'Shahbajpur',66),
 (626,'Shyampur',66),
 (627,'Uzirpur',66),
 (628,'Chitoshi(E)',67),
 (629,'Chitoshi(W)',67),
 (630,'UttarMeher',67),
 (631,'DakshinMeher',67),
 (632,'UttarRoysree',67),
 (633,'DakshinRoysree',67),
 (634,'UttarSuchiPara',67),
 (635,'DakshinSuchiPara',67),
 (636,'Tamta',67),
 (637,'Ashikati',68),
 (638,'Kalyanpur',68),
 (639,'Baghadi',68),
 (640,'Balia',68),
 (641,'Bishnupur',68),
 (642,'Chandra',68),
 (643,'HanarChar',68),
 (644,'Ibrahimpur',68),
 (645,'Maishadi',68),
 (646,'Rajrajeshwar',68),
 (647,'ShahMahmudpur',68),
 (648,'Rampur',68),
 (649,'Sakua',68),
 (650,'TarpurChandi',68),
 (651,'PurbaBaluthuba',69),
 (652,'PaschimBaluthuba',69),
 (653,'PurbaCharDukhia',69),
 (654,'PaschimCharDukhia',69),
 (655,'UttarFaridganj',69),
 (656,'DakshinFaridganj',69),
 (657,'UttarGobindapur',69),
 (658,'DakshinGobindapur',69),
 (659,'PurbaGupti',69),
 (660,'PaschimGupti',69),
 (661,'UttarPaikpara',69),
 (662,'DakshinPaikPara',69),
 (663,'UttarRupsa',69),
 (664,'DakshinRupsa',69),
 (665,'PurbaSubidpur',69),
 (666,'PaschimSubidpur',69),
 (667,'UttarAlgiDurgapur',70),
 (668,'DakshinAlgiDurgapur',70),
 (669,'CharBhairabi',70),
 (670,'HaimChar',70),
 (671,'Gazipur',70),
 (672,'Nilkamal',70),
 (673,'PurbaBarkur',71),
 (674,'PaschimBarkur',71),
 (675,'UttarGandharabpur',71),
 (676,'DakshinGandharbapur',71),
 (677,'Hajiganj',71),
 (678,'HatilaPaschim',71),
 (679,'HatilaPurba',71),
 (680,'UttarKalocho',71),
 (681,'DakshinKalocho',71),
 (682,'UttarRajgaon',71),
 (683,'Bakila(DakshinRajargaon)',71),
 (684,'Baganbari',72),
 (685,'Farajikandi',72),
 (686,'Durgapur',72),
 (687,'PurbaFatehpur',72),
 (688,'Eklaspur',72),
 (689,'Islamabad',72),
 (690,'Jahirabad',72),
 (691,'Kalakanda',72),
 (692,'Mohanpur',72),
 (693,'Sadullapur',72),
 (694,'Satnal',72),
 (695,'Sultanabad',72),
 (696,'PaschimFatehpur',72),
 (697,'Gazra',72),
 (698,'Khadergaon',73),
 (699,'Narayanpur',73),
 (700,'UttarNayergaon',73),
 (701,'UttarUpadi',73),
 (702,'DakhsinNayergaon',73),
 (703,'DakshinUpadi',73),
 (704,'Ashrafpur',74),
 (705,'Bitara',74),
 (706,'UttarGohat',74),
 (707,'DakshinGohat',74),
 (708,'UttarKachua',74),
 (709,'DakshinKachua',74),
 (710,'Kadla',74),
 (711,'Karia',74),
 (712,'Pathair',74),
 (713,'PurbaSahadebpur',74),
 (714,'PaschimSahadebpur',74),
 (715,'Sachar',74),
 (716,'Amanullah',75),
 (717,'Azimpur',75),
 (718,'Bauria',75),
 (719,'Gachhua',75),
 (720,'Haramia',75),
 (721,'Harispur',75),
 (722,'Kalapania',75),
 (723,'Magdhara',75),
 (724,'Maitbhanga',75),
 (725,'Musapur',75),
 (726,'Rahmatpur',75),
 (727,'Santoshpur',75),
 (728,'Sarikait',75),
 (729,'Urirchar',75),
 (730,'Adhunagar',76),
 (731,'Amirabad',76),
 (732,'Barahatia',76),
 (733,'Charamba',76),
 (734,'Chunati',76),
 (735,'Kalauzan',76),
 (736,'Lohagara',76),
 (737,'Padua',76),
 (738,'Putibila',76),
 (739,'Amilais',77),
 (740,'Eochia',77),
 (741,'Bazalia',77),
 (742,'Charati',77),
 (743,'Dhemsa',77),
 (744,'Dharmapur',77),
 (745,'Kaliais',77),
 (746,'Kanchana',77),
 (747,'Keochia',77),
 (748,'Khagaria',77),
 (749,'Madrasa',77),
 (750,'Nalua',77),
 (751,'Puranghar',77),
 (752,'Chhadaha',77),
 (753,'Satkania',77),
 (754,'Sonakania',77),
 (755,'PaschimDhemsa',77),
 (756,'Asia',78),
 (757,'Baralia',78),
 (758,'BaraUthan',78),
 (759,'Bhatikhain',78),
 (760,'Chanhara',78),
 (761,'CharLakshya',78),
 (762,'CharPatharghata',78),
 (763,'Dhalghat',78),
 (764,'HabilasDwip',78),
 (765,'Haidgaon',78),
 (766,'Junglekhain',78),
 (767,'Juldha',78),
 (768,'Kachuai',78),
 (769,'Kasiais',78),
 (770,'Kelishahar',78),
 (771,'Kharana',78),
 (772,'Kolagaon',78),
 (773,'Kusumpura',78),
 (774,'Sikalbaha',78),
 (775,'Sobhandandi',78),
 (776,'SouthBhurshi',78),
 (777,'Jiri',78),
 (778,'Bailtali',79),
 (779,'Barkal',79),
 (780,'Barama',79),
 (781,'Dhopachhari',79),
 (782,'Dohazari',79),
 (783,'Hashimpur',79),
 (784,'Joara',79),
 (785,'Kanchanabad',79),
 (786,'Satbaria',79),
 (787,'AhlaKaraldanga',80),
 (788,'Amuchia',80),
 (789,'Charandwip',80),
 (790,'PurbaGomdandi',80),
 (791,'Kadhurkhil',80),
 (792,'Popadia',80),
 (793,'Saroatali',80),
 (794,'Shakpura',80),
 (795,'SreepurKharandwip',80);
/*!40000 ALTER TABLE `police_stations` ENABLE KEYS */;


--
-- Definition of table `position`
--

DROP TABLE IF EXISTS `position`;
CREATE TABLE `position` (
  `id` int(10) unsigned NOT NULL AUTO_INCREMENT,
  `name` varchar(45) NOT NULL DEFAULT '',
  PRIMARY KEY (`id`)
) ENGINE=InnoDB AUTO_INCREMENT=6 DEFAULT CHARSET=latin1;

--
-- Dumping data for table `position`
--

/*!40000 ALTER TABLE `position` DISABLE KEYS */;
INSERT INTO `position` (`id`,`name`) VALUES 
 (1,'admin'),
 (2,'sub admin'),
 (3,'adminestrative'),
 (4,'manager'),
 (5,'security');
/*!40000 ALTER TABLE `position` ENABLE KEYS */;


--
-- Definition of table `post_offices`
--

DROP TABLE IF EXISTS `post_offices`;
CREATE TABLE `post_offices` (
  `id` int(10) unsigned NOT NULL AUTO_INCREMENT,
  `name` varchar(100) NOT NULL DEFAULT '',
  `police_stations_id` int(10) unsigned NOT NULL DEFAULT '0',
  PRIMARY KEY (`id`)
) ENGINE=InnoDB AUTO_INCREMENT=4528 DEFAULT CHARSET=latin1;

--
-- Dumping data for table `post_offices`
--

/*!40000 ALTER TABLE `post_offices` DISABLE KEYS */;
INSERT INTO `post_offices` (`id`,`name`,`police_stations_id`) VALUES 
 (1,'Kushumhati',1),
 (2,'Mahmudpur',1),
 (3,'Moksedpur',1),
 (4,'Narisha',1),
 (5,'Nayabari',1),
 (6,'Raipara',1),
 (7,'Sutarpara',1),
 (8,'Bilashpur',1),
 (9,'Sarulia',2),
 (10,'Beraid',2),
 (11,'Manda',2),
 (12,'Dania',2),
 (13,'Dakshinkhan',2),
 (14,'Dakshingaon',2),
 (15,'Harirampur',2),
 (16,'Sultanganj',2),
 (17,'Satarkul',2),
 (18,'Nasirabad',2),
 (19,'Demra',2),
 (20,'Dumni',2),
 (21,'Uttarkhan',2),
 (22,'Matuail',2),
 (23,'Badda',2),
 (24,'Bhatara',2),
 (25,'Shyampur',2),
 (26,'Ashulia',3),
 (27,'Aminbazar',3),
 (28,'Bangaon',3),
 (29,'Bhakurta',3),
 (30,'Birulia',3),
 (31,'Dhamsona',3),
 (32,'Kaundia',3),
 (33,'Pathalia',3),
 (34,'Shimulia',3),
 (35,'Tetuljhora',3),
 (36,'Yearpur',3),
 (37,'Savar',3),
 (38,'Agla',4),
 (39,'Bakshnagar',4),
 (40,'Bandura',4),
 (41,'Barrah',4),
 (42,'Baruakhali',4),
 (43,'Churain',4),
 (44,'Galimpur',4),
 (45,'Jantrail',4),
 (46,'Joykrishnapur',4),
 (47,'Koilail',4),
 (48,'Kalakopa',4),
 (49,'Nayansree',4),
 (50,'Shikaripara',4),
 (51,'Sholla',4),
 (52,'Aganagar',5),
 (53,'Basta',5),
 (54,'Hazratpur',5),
 (55,'Kalatia',5),
 (56,'Kalindi',5),
 (57,'Konda',5),
 (58,'Ruhitpur',5),
 (59,'Sakta',5),
 (60,'Subhadya',5),
 (61,'Taranagar',5),
 (62,'Tegharia',5),
 (63,'Zinjira',5),
 (64,'Amta',6),
 (65,'Baisakanda',6),
 (66,'Balia',6),
 (67,'Bhararia',6),
 (68,'Chauhati',6),
 (69,'Dhamrai',6),
 (70,'Gangutia',6),
 (71,'Jadabpur',6),
 (72,'Kulla',6),
 (73,'Kushura',6),
 (74,'Nannar',6),
 (75,'Rowail',6),
 (76,'Sanora',6),
 (77,'Sombhag',6),
 (78,'Suapur',6),
 (79,'Sutipara',6),
 (80,'CharChartala',7),
 (81,'Araisidha',7),
 (82,'TalsaharPaschim',7),
 (83,'SharifpurPurba',7),
 (84,'Ashugonj',7),
 (85,'Lalpur',7),
 (86,'Durgapur',7),
 (87,'Bolakot',8),
 (88,'Burishwar',8),
 (89,'Chapartala',8),
 (90,'Chatalpar',8),
 (91,'DharMandal',8),
 (92,'Fandauk',8),
 (93,'Goalnagar',8),
 (94,'Gokarna',8),
 (95,'Guniauk',8),
 (96,'Haripur',8),
 (97,'Kunda',8),
 (98,'Nasirnagar',8),
 (99,'Purbabagh',8),
 (100,'Akrail',9),
 (101,'Chunta',9),
 (102,'Kalikachchha',9),
 (103,'Noagaon',9),
 (104,'Pakshimul',9),
 (105,'Sarail',9),
 (106,'Shahbazpur',9),
 (107,'Shahjadapur',9),
 (108,'UttarPanishwar',9),
 (109,'Akhaura',9),
 (110,'DakshinAkhaura',9),
 (111,'Dharkhar',9),
 (112,'Maniand',9),
 (113,'Mogra',9),
 (114,'UttarAkhaura',9),
 (115,'DakshinBanchharampur',10),
 (116,'Dariadaulat',10),
 (117,'Pahariakandi',10),
 (118,'PaschimSaifullakandi',10),
 (119,'PaschimRupasdi',10),
 (120,'PaschimUjanChar',10),
 (121,'Dorikandi',10),
 (122,'PurbaRupasdi',10),
 (123,'PurbaUjanChar',10),
 (124,'Salimabad',10),
 (125,'Sonarampur',10),
 (126,'Tezkhali',10),
 (127,'UttarBanchharampur',10),
 (128,'Basudeb',11),
 (129,'Budhanti',11),
 (130,'Chandura',11),
 (131,'CharIslampur',11),
 (132,'DakshinNatai',11),
 (133,'DakshinShuhilpur',11),
 (134,'DakshinSingerbil',11),
 (135,'Harashpur',11),
 (136,'Machhihata',11),
 (137,'Majlishpur',11),
 (138,'Paharpur',11),
 (139,'Pattan',11),
 (140,'PurbaTalsahar',11),
 (141,'Ramrail',11),
 (142,'Sadekpur',11),
 (143,'Sultanpur',11),
 (144,'UttarIchhapur',11),
 (145,'UttarNatai',11),
 (146,'Budhal',11),
 (147,'Bishnapur',11),
 (148,'ChompokNagar',11),
 (149,'Badair',12),
 (150,'Bayek',12),
 (151,'Binauti',12),
 (152,'Gopinathpur',12),
 (153,'Kayempur',12),
 (154,'Kharera',12),
 (155,'Kuti',12),
 (156,'Mehari',12),
 (157,'Mulgram',12),
 (158,'Barikandi',13),
 (159,'Barail',13),
 (160,'Biddyakut',13),
 (161,'Birgaon',13),
 (162,'Ibrahimpur',13),
 (163,'Jinudpur',13),
 (164,'Kaitala',13),
 (165,'Krishnanagar',13),
 (166,'LaurFatehpur',13),
 (167,'Natghar',13),
 (168,'PaschimNabinagar',13),
 (169,'PurbaNabinagar',13),
 (170,'Rasullabad',13),
 (171,'Ratanpur',13),
 (172,'Salimganj',13),
 (173,'Satmura',13),
 (174,'Shibpur',13),
 (175,'Shyamgram',13),
 (176,'Sreerampur',13),
 (177,'Chandpai',14),
 (178,'Burirdanga',14),
 (179,'Chila',14),
 (180,'Mithakhali',14),
 (181,'Sonailtola',14),
 (182,'Sundarban',14),
 (183,'Charbaniari',15),
 (184,'Barabaria',15),
 (185,'Chitalmari',15),
 (186,'Hizla',15),
 (187,'Santoshpur',15),
 (188,'Kalatala',15),
 (189,'Shibpur',15),
 (190,'Dhansagar',16),
 (191,'Khontakata',16),
 (192,'Rayenda',16),
 (193,'Southkhali',16),
 (194,'Baintola',17),
 (195,'Banshtali',17),
 (196,'Bhojpatia',17),
 (197,'Gauramba',17),
 (198,'Hurka',17),
 (199,'Mallikerber',17),
 (200,'Perikhali',17),
 (201,'Rajnagar',17),
 (202,'Rampal',17),
 (203,'Ujalkur',17),
 (204,'Atjuri',18),
 (205,'Chunkhola',18),
 (206,'Gangni',18),
 (207,'Gaola',18),
 (208,'Kodalia',18),
 (209,'Kulia',18),
 (210,'Udaypur',18),
 (211,'Badhal',19),
 (212,'Dhopakhali',19),
 (213,'Gazalia',19),
 (214,'Gopalpur',19),
 (215,'Kachua',19),
 (216,'Moghia',19),
 (217,'Raripara',19),
 (218,'Bahirdimansa',20),
 (219,'Betaga',20),
 (220,'Fakirhat',20),
 (221,'Lakhpur',20),
 (222,'Mulghar',20),
 (223,'Naldha-Maubhog',20),
 (224,'Piljanga',20),
 (225,'Subhadia',20),
 (226,'Baruipara',21),
 (227,'Bemarta',21),
 (228,'Bishnupur',21),
 (229,'Gotapara',21),
 (230,'Jatrapur',21),
 (231,'Karapara',21),
 (232,'Khanpur',21),
 (233,'Rakhalgachhi',21),
 (234,'Shatgambuj',21),
 (235,'Dema',21),
 (236,'Bohorbunia',22),
 (237,'Boloibunia',22),
 (238,'Banagram',22),
 (239,'Baroikhali',22),
 (240,'Chingrakhali',22),
 (241,'Daibanjgati',22),
 (242,'Hoglabunia',22),
 (243,'Hoglapasha',22),
 (244,'Jiudhara',22),
 (245,'Khaulia',22),
 (246,'Morrelganj',22),
 (247,'Nishanbaria',22),
 (248,'Panchakaran',22),
 (249,'Putikhali',22),
 (250,'Ramchandrapur',22),
 (251,'Teligati',22),
 (252,'Bandarban',23),
 (253,'Kuhalong',23),
 (254,'Rajvila',23),
 (255,'Sholaka',23),
 (256,'Tankabati',23),
 (257,'Alikhong',24),
 (258,'NowaPatang',24),
 (259,'Rowangchhari',24),
 (260,'Tarachha',24),
 (261,'BaliPara',25),
 (262,'Remakri',25),
 (263,'Thanchi',25),
 (264,'Tindu',25),
 (265,'Aziznagar',26),
 (266,'Fasyakhali',26),
 (267,'Gajalia',26),
 (268,'Lama',26),
 (269,'Sarai',26),
 (270,'Rupashipara',26),
 (271,'Baishari',27),
 (272,'Dochhari',27),
 (273,'Ghumdhum',27),
 (274,'Naikhongchhari',27),
 (275,'Alikadam',28),
 (276,'Chokhyong',28),
 (277,'Ruma',28),
 (278,'Ghyalanga',28),
 (279,'Paindu',28),
 (280,'Remakri',28),
 (281,'Ruma',28),
 (282,'Betagi',29),
 (283,'Bibichini',29),
 (284,'Buramazumdar',29),
 (285,'Hosnabad',29),
 (286,'Kazirabad',29),
 (287,'Mokamia',29),
 (288,'Sariamuri',29),
 (289,'Masjid',29),
 (290,'Amtali',30),
 (291,'Arpangashia',30),
 (292,'Atharagachhia',30),
 (293,'Barabagi',30),
 (294,'Chowra',30),
 (295,'Gulisakhali',30),
 (296,'Haldia',30),
 (297,'Karaibaria',30),
 (298,'Kukua',30),
 (299,'PanchaKoralia',30),
 (300,'Bamna',31),
 (301,'Bukabunia',31),
 (302,'Dauatala',31),
 (303,'Ramna',31),
 (304,'Aylapatakata',32),
 (305,'Badarkhali',32),
 (306,'Barguna',32),
 (307,'BurirChar',32),
 (308,'Dhalua',32),
 (309,'Fuljhury',32),
 (310,'Gaurichana',32),
 (311,'Keorabunia',32),
 (312,'M.Baliatali',32),
 (313,'Naltona',32),
 (314,'Charduani',33),
 (315,'Kakchira',33),
 (316,'Kalmegha',33),
 (317,'Kanthaltali',33),
 (318,'NachnaPara',33),
 (319,'Patharghata',33),
 (320,'Raihanpur',33),
 (321,'BanariPara',34),
 (322,'BaisariPara',34),
 (323,'BisarKandi',34),
 (324,'Chakhar',34),
 (325,'Iluhar',34),
 (326,'Saliabakpur',34),
 (327,'Sayedkathi',34),
 (328,'Udoykathi',34),
 (329,'Bagdha',35),
 (330,'Bakal',35),
 (331,'Gaila',35),
 (332,'Rajiher',35),
 (333,'Ratnapur',35),
 (334,'Bardhi',36),
 (335,'Batajore',36),
 (336,'Chandshi',36),
 (337,'Khanjapur',36),
 (338,'Mahilara',36),
 (339,'Nalchira',36),
 (340,'Sarikal',36),
 (341,'Hizla',36),
 (342,'BaraJalia',36),
 (343,'Dhulkhola',36),
 (344,'Guabaria',36),
 (345,'Harinathpur',36),
 (346,'HizlaGourabdi',36),
 (347,'Memania',36),
 (348,'Kuchaipotty',36),
 (349,'Alimabad',37),
 (350,'AndharManik',37),
 (351,'BhasanChar',37),
 (352,'Bidyanandapur',37),
 (353,'Chandpur',37),
 (354,'Gobindapur',37),
 (355,'CharEkkaria',37),
 (356,'CharGopalpur',37),
 (357,'DaricharKhajuria',37),
 (358,'Jangalia',37),
 (359,'Lata',37),
 (360,'Mehendiganj',37),
 (361,'Ulania',37),
 (362,'Batamara',38),
 (363,'CharKalekhan',38),
 (364,'Gachhua',38),
 (365,'KazirChar',38),
 (366,'Muladi',38),
 (367,'Nazirpur',38),
 (368,'Safipur',38),
 (369,'Agarpur',39),
 (370,'Chandpasha',39),
 (371,'Dehergati',39),
 (372,'Kedarpur',39),
 (373,'Madhabpasha',39),
 (374,'Rahmatpur',39),
 (375,'Bhoypasha',40),
 (376,'Charadi',40),
 (377,'Charamaddi',40),
 (378,'Darial',40),
 (379,'Dudhal',40),
 (380,'Durgapasha',40),
 (381,'Faridpur',40),
 (382,'Garuria',40),
 (383,'Kabai',40),
 (384,'Kalaskathi',40),
 (385,'Nalua',40),
 (386,'Niamati',40),
 (387,'Padrishibpur',40),
 (388,'Rangasree',40),
 (389,'Bamrail',41),
 (390,'BaraKotha',41),
 (391,'Gutia',41),
 (392,'Harta',41),
 (393,'Jolla',41),
 (394,'Otra',41),
 (395,'Satla',41),
 (396,'Shikarpur',41),
 (397,'Sholak',41),
 (398,'Chandpur',42),
 (399,'ChandraMohan',42),
 (400,'CharBaria',42),
 (401,'CharKowa',42),
 (402,'CharMonai',42),
 (403,'Jagua',42),
 (404,'Kashipur',42),
 (405,'RoypashaKarapur',42),
 (406,'Shayestabad',42),
 (407,'Tungibaria',42),
 (408,'Alinagar',43),
 (409,'Bapta',43),
 (410,'CharSyamaia',43),
 (411,'Shibpur',43),
 (412,'Dhania',43),
 (413,'Illisha',43),
 (414,'IllishaPaschim',43),
 (415,'Kachia',43),
 (416,'UttarDighaldi',43),
 (417,'Rajapur',43),
 (418,'DakshinDighaldi',43),
 (419,'Bheduria',43),
 (420,'Velumia',43),
 (421,'Aminabad',44),
 (422,'Aslampur',44),
 (423,'CharKalmi',44),
 (424,'CharMadras',44),
 (425,'CharManika',44),
 (426,'Hazariganj',44),
 (427,'Jinnaghar',44),
 (428,'Kukuri-Mukuri',44),
 (429,'Nilkamal',44),
 (430,'Nurabad',44),
 (431,'Osmanganj',44),
 (432,'Rasulpur',44),
 (433,'Eajpur',44),
 (434,'Jahanpur',44),
 (435,'Abdullahpur',44),
 (436,'Abubakarpur',44),
 (437,'NazrulNagar',44),
 (438,'MujibNagar',44),
 (439,'Dhalchar',44),
 (440,'Badarpur',45),
 (441,'CharBhuta',45),
 (442,'DhaliGaurnagar',45),
 (443,'Farazganj',45),
 (444,'Kalma',45),
 (445,'Lalmohan',45),
 (446,'LordHardinge',45),
 (447,'Ramaganj',45),
 (448,'PaschimCharUmed',45),
 (449,'Hajirhat',46),
 (450,'Manpura',46),
 (451,'Sakuchia',46),
 (452,'BaraMalanchara',47),
 (453,'Chanchra',47),
 (454,'Chandpur',47),
 (455,'Sonapur',47),
 (456,'Shambhupur',47),
 (457,'CharKhalifa',48),
 (458,'CharPata',48),
 (459,'Hajipur',48),
 (460,'Madonpur',48),
 (461,'UttarJoynagar',48),
 (462,'DakshinJoynagar',48),
 (463,'Sayeddpur',48),
 (464,'Medua',48),
 (465,'Bhabanipur',48),
 (466,'BaraManika',49),
 (467,'Deula',49),
 (468,'Gangapur',49),
 (469,'HassanNagar',49),
 (470,'Kachia',49),
 (471,'Kutuba',49),
 (472,'Pakshia',49),
 (473,'Sachra',49),
 (474,'Tobgi',49),
 (475,'Adamdighi',50),
 (476,'Chanpapur',50),
 (477,'Chhatiangram',50),
 (478,'Kundugram',50),
 (479,'Nasratpur',50),
 (480,'Shantahar',50),
 (481,'Erulia',51),
 (482,'Fanpore',51),
 (483,'Gokul',51),
 (484,'Lahiripara',51),
 (485,'Namuja',51),
 (486,'Nishindara',51),
 (487,'Noongola',51),
 (488,'Rajapur',51),
 (489,'Shabgram',51),
 (490,'Shakharia',51),
 (491,'Sekherkola',51),
 (492,'Bhandarbari',52),
 (493,'Chowkibari',52),
 (494,'Chikashi',52),
 (495,'Dhunat',52),
 (496,'Elangi',52),
 (497,'Gopalnagar',52),
 (498,'Goshaibari',52),
 (499,'Kalerpara',52),
 (500,'Mathurapur',52),
 (501,'Nimgachhi',52),
 (502,'Chamrul',53),
 (503,'Dhupchanchia',53),
 (504,'Gobindapur',53),
 (505,'Gunahar',53),
 (506,'Talora',53),
 (507,'Zianagar',53),
 (508,'Baliadighi',54),
 (509,'Dakshinpara',54),
 (510,'Durgahata',54),
 (511,'Gabtali',54),
 (512,'Kagoil',54),
 (513,'Mahishaban',54),
 (514,'Naruwala',54),
 (515,'Nasipur',54),
 (516,'Nepaltali',54),
 (517,'Rameshwarpur',54),
 (518,'Sonaroy',54),
 (519,'Birkedar',55),
 (520,'Durgapur',55),
 (521,'Jamgram',55),
 (522,'Kahaloo',55),
 (523,'Kalai',55),
 (524,'Malancho',55),
 (525,'Maruil',55),
 (526,'Narahotta',55),
 (527,'Paikar',55),
 (528,'Bhatgram',56),
 (529,'Bhatora',56),
 (530,'Burail',56),
 (531,'Nandigram',56),
 (532,'Thaltamajhgram',56),
 (533,'Bhelabari',57),
 (534,'Bohail',57),
 (535,'Chaluabari',57),
 (536,'Chandanbaisha',57),
 (537,'Fulbari',57),
 (538,'Hatsherpur',57),
 (539,'Kamalpur',57),
 (540,'Kazla',57),
 (541,'Karnibari',57),
 (542,'Kutubpur',57),
 (543,'Narchi',57),
 (544,'Sariakandi',57),
 (545,'Bhabanipur',58),
 (546,'Bishalpur',58),
 (547,'Garidaha',58),
 (548,'Khamarkandi',58),
 (549,'Khanpur',58),
 (550,'Kusumbi',58),
 (551,'Mirzapur',58),
 (552,'Shimabari',58),
 (553,'Sughat',58),
 (554,'Atmul',59),
 (555,'Bihar',59),
 (556,'Buriganj',59),
 (557,'Dewli',59),
 (558,'Kichak',59),
 (559,'Maidanhata',59),
 (560,'Majhihatta',59),
 (561,'Mokamtala',59),
 (562,'Pirab',59),
 (563,'Roynagar',59),
 (564,'Sayedpur',59),
 (565,'Shibganj',59),
 (566,'Balua',60),
 (567,'Digdair',60),
 (568,'Jorgachha',60),
 (569,'Madhupur',60),
 (570,'Pakulla',60),
 (571,'Sonatala',60),
 (572,'Tekanichukainagar',60),
 (573,'Amrul',61),
 (574,'Aria',61),
 (575,'Asekpur',61),
 (576,'Chupinagar',61),
 (577,'Gohail',61),
 (578,'Kharna',61),
 (579,'Khottapara',61),
 (580,'Madla',61),
 (581,'Majhira',61),
 (582,'Sultanganj',61),
 (583,'Alinagar',62),
 (584,'Bhangabari',62),
 (585,'Boalia',62),
 (586,'Chowdala',62),
 (587,'Gomastapur',62),
 (588,'Parbatipur',62),
 (589,'Radhanagar',62),
 (590,'Rahanpur',62),
 (591,'Bholahat',63),
 (592,'Daldali',63),
 (593,'Gohalbari',63),
 (594,'Jambaria',63),
 (595,'Fatepur',64),
 (596,'Kasba',64),
 (597,'Nachol',64),
 (598,'Nezampur',64),
 (599,'Alatuli',65),
 (600,'Balidanga',65),
 (601,'Barogharia',65),
 (602,'CharAnupnagar',65),
 (603,'Charbagdanga',65),
 (604,'Debinagar',65),
 (605,'Gobratala',65),
 (606,'Islampur',65),
 (607,'Jhilim',65),
 (608,'Maharajpur',65),
 (609,'Narayanpur',65),
 (610,'Ranihati',65),
 (611,'Shahajahanpur',65),
 (612,'Sundarpur',65),
 (613,'Binodpur',66),
 (614,'Chakkirti',66),
 (615,'Daipukuria',66),
 (616,'Dhainagar',66),
 (617,'Durlabhpur',66),
 (618,'Ghorapakhia',66),
 (619,'Kansat',66),
 (620,'Mobarakpur',66),
 (621,'Monakasha',66),
 (622,'Nayalabhanga',66),
 (623,'Panka',66),
 (624,'Chhatrajitpur',66),
 (625,'Shahbajpur',66),
 (626,'Shyampur',66),
 (627,'Uzirpur',66),
 (628,'Chitoshi(E)',67),
 (629,'Chitoshi(W)',67),
 (630,'UttarMeher',67),
 (631,'DakshinMeher',67),
 (632,'UttarRoysree',67),
 (633,'DakshinRoysree',67),
 (634,'UttarSuchiPara',67),
 (635,'DakshinSuchiPara',67),
 (636,'Tamta',67),
 (637,'Ashikati',68),
 (638,'Kalyanpur',68),
 (639,'Baghadi',68),
 (640,'Balia',68),
 (641,'Bishnupur',68),
 (642,'Chandra',68),
 (643,'HanarChar',68),
 (644,'Ibrahimpur',68),
 (645,'Maishadi',68),
 (646,'Rajrajeshwar',68),
 (647,'ShahMahmudpur',68),
 (648,'Rampur',68),
 (649,'Sakua',68),
 (650,'TarpurChandi',68),
 (651,'PurbaBaluthuba',69),
 (652,'PaschimBaluthuba',69),
 (653,'PurbaCharDukhia',69),
 (654,'PaschimCharDukhia',69),
 (655,'UttarFaridganj',69),
 (656,'DakshinFaridganj',69),
 (657,'UttarGobindapur',69),
 (658,'DakshinGobindapur',69),
 (659,'PurbaGupti',69),
 (660,'PaschimGupti',69),
 (661,'UttarPaikpara',69),
 (662,'DakshinPaikPara',69),
 (663,'UttarRupsa',69),
 (664,'DakshinRupsa',69),
 (665,'PurbaSubidpur',69),
 (666,'PaschimSubidpur',69),
 (667,'UttarAlgiDurgapur',70),
 (668,'DakshinAlgiDurgapur',70),
 (669,'CharBhairabi',70),
 (670,'HaimChar',70),
 (671,'Gazipur',70),
 (672,'Nilkamal',70),
 (673,'PurbaBarkur',71),
 (674,'PaschimBarkur',71),
 (675,'UttarGandharabpur',71),
 (676,'DakshinGandharbapur',71),
 (677,'Hajiganj',71),
 (678,'HatilaPaschim',71),
 (679,'HatilaPurba',71),
 (680,'UttarKalocho',71),
 (681,'DakshinKalocho',71),
 (682,'UttarRajgaon',71),
 (683,'Bakila(DakshinRajargaon)',71),
 (684,'Baganbari',72),
 (685,'Farajikandi',72),
 (686,'Durgapur',72),
 (687,'PurbaFatehpur',72),
 (688,'Eklaspur',72),
 (689,'Islamabad',72),
 (690,'Jahirabad',72),
 (691,'Kalakanda',72),
 (692,'Mohanpur',72),
 (693,'Sadullapur',72),
 (694,'Satnal',72),
 (695,'Sultanabad',72),
 (696,'PaschimFatehpur',72),
 (697,'Gazra',72),
 (698,'Khadergaon',73),
 (699,'Narayanpur',73),
 (700,'UttarNayergaon',73),
 (701,'UttarUpadi',73),
 (702,'DakhsinNayergaon',73),
 (703,'DakshinUpadi',73),
 (704,'Ashrafpur',74),
 (705,'Bitara',74),
 (706,'UttarGohat',74),
 (707,'DakshinGohat',74),
 (708,'UttarKachua',74),
 (709,'DakshinKachua',74),
 (710,'Kadla',74),
 (711,'Karia',74),
 (712,'Pathair',74),
 (713,'PurbaSahadebpur',74),
 (714,'PaschimSahadebpur',74),
 (715,'Sachar',74),
 (716,'Amanullah',75),
 (717,'Azimpur',75),
 (718,'Bauria',75),
 (719,'Gachhua',75),
 (720,'Haramia',75),
 (721,'Harispur',75),
 (722,'Kalapania',75),
 (723,'Magdhara',75),
 (724,'Maitbhanga',75),
 (725,'Musapur',75),
 (726,'Rahmatpur',75),
 (727,'Santoshpur',75),
 (728,'Sarikait',75),
 (729,'Urirchar',75),
 (730,'Adhunagar',76),
 (731,'Amirabad',76),
 (732,'Barahatia',76),
 (733,'Charamba',76),
 (734,'Chunati',76),
 (735,'Kalauzan',76),
 (736,'Lohagara',76),
 (737,'Padua',76),
 (738,'Putibila',76),
 (739,'Amilais',77),
 (740,'Eochia',77),
 (741,'Bazalia',77),
 (742,'Charati',77),
 (743,'Dhemsa',77),
 (744,'Dharmapur',77),
 (745,'Kaliais',77),
 (746,'Kanchana',77),
 (747,'Keochia',77),
 (748,'Khagaria',77),
 (749,'Madrasa',77),
 (750,'Nalua',77),
 (751,'Puranghar',77),
 (752,'Chhadaha',77),
 (753,'Satkania',77),
 (754,'Sonakania',77),
 (755,'PaschimDhemsa',77),
 (756,'Asia',78),
 (757,'Baralia',78),
 (758,'BaraUthan',78),
 (759,'Bhatikhain',78),
 (760,'Chanhara',78),
 (761,'CharLakshya',78),
 (762,'CharPatharghata',78),
 (763,'Dhalghat',78),
 (764,'HabilasDwip',78),
 (765,'Haidgaon',78),
 (766,'Junglekhain',78),
 (767,'Juldha',78),
 (768,'Kachuai',78),
 (769,'Kasiais',78),
 (770,'Kelishahar',78),
 (771,'Kharana',78),
 (772,'Kolagaon',78),
 (773,'Kusumpura',78),
 (774,'Sikalbaha',78),
 (775,'Sobhandandi',78),
 (776,'SouthBhurshi',78),
 (777,'Jiri',78),
 (778,'Bailtali',79),
 (779,'Barkal',79),
 (780,'Barama',79),
 (781,'Dhopachhari',79),
 (782,'Dohazari',79),
 (783,'Hashimpur',79),
 (784,'Joara',79),
 (785,'Kanchanabad',79),
 (786,'Satbaria',79),
 (787,'AhlaKaraldanga',80),
 (788,'Amuchia',80),
 (789,'Charandwip',80),
 (790,'PurbaGomdandi',80),
 (791,'Kadhurkhil',80),
 (792,'Popadia',80),
 (793,'Saroatali',80),
 (794,'Shakpura',80),
 (795,'SreepurKharandwip',80),
 (796,'PaschimGomdandi',80),
 (797,'Baharchhara',81),
 (798,'Bailchhari',81),
 (799,'Chambal',81),
 (800,'Chhanua',81),
 (801,'Gandamara',81),
 (802,'Kalipur',81),
 (803,'Katharia',81),
 (804,'Khankhanabad',81),
 (805,'Puichhari',81),
 (806,'Pukuria',81),
 (807,'Sadhanpur',81),
 (808,'Saral',81),
 (809,'Sekherkhil',81),
 (810,'Silkup',81),
 (811,'Banshbaria',82),
 (812,'Barabkunda',82),
 (813,'Baraiardhala',82),
 (814,'Bhatiari',82),
 (815,'Kumira',82),
 (816,'Muradpur',82),
 (817,'Salimpur',82),
 (818,'Sonaichhari',82),
 (819,'Syedpur',82),
 (820,'Bagoan',83),
 (821,'Binajuri',83),
 (822,'Chikdair',83),
 (823,'Dabua',83),
 (824,'PurbaGuzara',83),
 (825,'Gahira',83),
 (826,'Haludia',83),
 (827,'Kadalpur',83),
 (828,'Noajispur',83),
 (829,'NoaPara',83),
 (830,'Pahartali',83),
 (831,'Raozan',83),
 (832,'Urkirchar',83),
 (833,'PaschimGuzara',83),
 (834,'Betagi',84),
 (835,'Chandraghona',84),
 (836,'Hosnabad',84),
 (837,'Kodala',84),
 (838,'Mariamnagar',84),
 (839,'Padua',84),
 (840,'Parua',84),
 (841,'Pomara',84),
 (842,'Rajanagar',84),
 (843,'Rangunia',84),
 (844,'Sarapbhata',84),
 (845,'Silak',84),
 (846,'Islampur',84),
 (847,'DakshinRajanagar',84),
 (848,'Lalanagar',84),
 (849,'Dhum',85),
 (850,'Durgapur',85),
 (851,'Haitkandi',85),
 (852,'Hinguli',85),
 (853,'Ichhakhali',85),
 (854,'Karerhat',85),
 (855,'Katachhara',85),
 (856,'Khaiyachhara',85),
 (857,'Mayani',85),
 (858,'Mirsharai',85),
 (859,'Mithanala',85),
 (860,'Maghadia',85),
 (861,'Osmanpur',85),
 (862,'Saherkhali',85),
 (863,'Wahedpur',85),
 (864,'Zorwarganj',85),
 (865,'BurirChar',86),
 (866,'Chhipatali',86),
 (867,'Chikandanti',86),
 (868,'DakshinMadrasha',86),
 (869,'Dhalai',86),
 (870,'Fatehpur',86),
 (871,'Forhadabad',86),
 (872,'Garduara',86),
 (873,'GumanMardan',86),
 (874,'Hathazari',86),
 (875,'Mekhal',86),
 (876,'Mirzapur',86),
 (877,'Nangalmora',86),
 (878,'Shikarpur',86),
 (879,'UttarMadarsa',86),
 (880,'Abdullapur',87),
 (881,'BaganBazar',87),
 (882,'Baktapur',87),
 (883,'Bhujpur',87),
 (884,'Dantmara',87),
 (885,'Dharmapur',87),
 (886,'Dhurung',87),
 (887,'Daulatpur',87),
 (888,'Harwalchhari',87),
 (889,'Jafatnagar',87),
 (890,'KanchanNagar',87),
 (891,'Lelang',87),
 (892,'Nanupur',87),
 (893,'Narayanhat',87),
 (894,'Paindang',87),
 (895,'Rangamatia',87),
 (896,'Roushangiri',87),
 (897,'Suabil',87),
 (898,'Samitirhat',87),
 (899,'Sundarpur',87),
 (900,'Anowara',88),
 (901,'Bairag',88),
 (902,'Barakhain',88),
 (903,'Barasat',88),
 (904,'Burumchara',88),
 (905,'Battali',88),
 (906,'Chatari',88),
 (907,'Haildhar',88),
 (908,'Paraikora',88),
 (909,'Roypur',88),
 (910,'Juindandi',88),
 (911,'Damurhuda',89),
 (912,'Howli',89),
 (913,'Juranpur',89),
 (914,'Karpasdanga',89),
 (915,'Kuralgachhi',89),
 (916,'RamkrishnapurMadna',89),
 (917,'Natipota',89),
 (918,'Alukdia',90),
 (919,'Begampur',90),
 (920,'Kutubpur',90),
 (921,'Mominpur',90),
 (922,'Padmabila',90),
 (923,'Shankarchandra',90),
 (924,'Titudaha',90),
 (925,'Andulbaria',91),
 (926,'Banka',91),
 (927,'Simanta',91),
 (928,'Uthali',91),
 (929,'Belgachhi',92),
 (930,'Baradi',92),
 (931,'Bhangbaria',92),
 (932,'Dauki',92),
 (933,'Gangni',92),
 (934,'Hardi',92),
 (935,'Jamjami',92),
 (936,'Jehala',92),
 (937,'Khadimpur',92),
 (938,'Kalidashpur',92),
 (939,'Khaskarra',92),
 (940,'Kumari',92),
 (941,'Nagdaha',92),
 (942,'Keronkhal',93),
 (943,'Barera',93),
 (944,'BaraKarai',93),
 (945,'Juag',93),
 (946,'Borkuit',93),
 (947,'Etbarpur',93),
 (948,'Madhya',93),
 (949,'Gallai',93),
 (950,'Nawabpur',93),
 (951,'Mahichail',93),
 (952,'Maijkhar',93),
 (953,'Batagashi',93),
 (954,'Suhilpur',93),
 (955,'Barpara',94),
 (956,'UttarDaudkandi',94),
 (957,'Gouripur',94),
 (958,'UttarElliotganj',94),
 (959,'DakshinElliotganj',94),
 (960,'Jinglatali',94),
 (961,'Goalmari',94),
 (962,'MohammadpurPurba',94),
 (963,'MohammadpurPaschim',94),
 (964,'PurbaPanchgachhia',94),
 (965,'PaschimPanchgachhia',94),
 (966,'Sundalpur',94),
 (967,'Maruka',94),
 (968,'Biteswar',94),
 (969,'Padua',94),
 (970,'Bhani',95),
 (971,'BaraShalghar',95),
 (972,'Elahabad',95),
 (973,'Barkamta',95),
 (974,'Dhamti',95),
 (975,'Sultanpur',95),
 (976,'Fatehabad',95),
 (977,'Gunaighar',95),
 (978,'Bankot',95),
 (979,'Mohonpur',95),
 (980,'Jaforganj',95),
 (981,'Rajmehar',95),
 (982,'Rasulpur',95),
 (983,'Subil',95),
 (984,'Yusufpur',95),
 (985,'Adda',96),
 (986,'Adra',96),
 (987,'Aganagar',96),
 (988,'Bhabanipur',96),
 (989,'Deora',96),
 (990,'Galimpur',96),
 (991,'Chitodda',96),
 (992,'DakshinJalam',96),
 (993,'UttarKhosbash',96),
 (994,'DakshinKhosbash',96),
 (995,'Payalgachha',96),
 (996,'Lakshmipur',96),
 (997,'UttarShilmuri',96),
 (998,'DakshinShilmuri',96),
 (999,'Bhasania',97),
 (1000,'Asadpur',97),
 (1001,'Chanderchar',97),
 (1002,'Gharmora',97),
 (1003,'Dulalpur',97),
 (1004,'Ghagutia',97),
 (1005,'Mathabhanga',97),
 (1006,'Nilakhi',97),
 (1007,'Joypur',97),
 (1008,'Baishgaon',98),
 (1009,'Hasnabad',98),
 (1010,'Maisatua',98),
 (1011,'UttarJhalam',98),
 (1012,'DakshinJhalam',98),
 (1013,'Laxmanpur',98),
 (1014,'NatherPetua',98),
 (1015,'Bipulasar',98),
 (1016,'Sarashpur',98),
 (1017,'Khila',98),
 (1018,'UttarHawla',98),
 (1019,'BrahmanPara',99),
 (1020,'Dulalpur',99),
 (1021,'Chandla',99),
 (1022,'Sidlai',99),
 (1023,'Madhabpur',99),
 (1024,'Malapara',99),
 (1025,'Sahebabad',99),
 (1026,'Shashidal',99),
 (1027,'Bakshimul',100),
 (1028,'Bharella',100),
 (1029,'Burichang',100),
 (1030,'Mainamati',100),
 (1031,'Mokam',100),
 (1032,'PirJatrapur',100),
 (1033,'Rajapur',100),
 (1034,'Sholanal',100),
 (1035,'Alkara',101),
 (1036,'Batisha',101),
 (1037,'Cheora',101),
 (1038,'Gholpasha',101),
 (1039,'Gunabati',101),
 (1040,'JagannathDighi',101),
 (1041,'Kalikapur',101),
 (1042,'Kankapait',101),
 (1043,'Kashinagar',101),
 (1044,'Munshirhat',101),
 (1045,'Shubhapur',101),
 (1046,'Sreepur',101),
 (1047,'Ujirpur',101),
 (1048,'Amratali',102),
 (1049,'DakshinDurgapur',102),
 (1050,'Jagannathpur',102),
 (1051,'KalirBazar',102),
 (1052,'Panchthubi',102),
 (1053,'UttarDurgapur',102),
 (1054,'Bakai',103),
 (1055,'Kandirpar',103),
 (1056,'Gobindapur',103),
 (1057,'Laksam',103),
 (1058,'Mudapfarganj',103),
 (1059,'Ajgara',103),
 (1060,'Uttardah',103),
 (1061,'Adra',104),
 (1062,'Bangodda',104),
 (1063,'Bakshaganj',104),
 (1064,'Dhalua',104),
 (1065,'Daulkhar',104),
 (1066,'Jodda',104),
 (1067,'Mokara',104),
 (1068,'Nangalkot',104),
 (1069,'Peria',104),
 (1070,'Roykot',104),
 (1071,'Satbaria',104),
 (1072,'Heshakhal',104),
 (1073,'Balarampur',105),
 (1074,'Bitikandi',105),
 (1075,'Jiarkandi',105),
 (1076,'Karikandi',105),
 (1077,'Satani',105),
 (1078,'Jagatpur',105),
 (1079,'Kalakandi',105),
 (1080,'Majidpur',105),
 (1081,'Narandia',105),
 (1082,'BaraPara',106),
 (1083,'Bijoypur',106),
 (1084,'Chouara',106),
 (1085,'Galiara',106),
 (1086,'PurbaJorekanan',106),
 (1087,'PaschimJorekanan',106),
 (1088,'Baghmara',106),
 (1089,'Belghar',106),
 (1090,'Bholain',106),
 (1091,'Perul',106),
 (1092,'Akubpur',107),
 (1093,'Andikot',107),
 (1094,'PurbaBangara',107),
 (1095,'PaschimBangara',107),
 (1096,'Chapitala',107),
 (1097,'Darora(Purba)',107),
 (1098,'Chhaliakandi',107),
 (1099,'Dhamghar',107),
 (1100,'Kamalla',107),
 (1101,'Jahapur',107),
 (1102,'Jatrapur',107),
 (1103,'Muradnagar',107),
 (1104,'PurbaNabipur',107),
 (1105,'PaschimNabipur',107),
 (1106,'Paharpur',107),
 (1107,'PurbaPurbadhair',107),
 (1108,'PaschimPurbadhair',107),
 (1109,'UttarRamchandrapur',107),
 (1110,'DakshinRamchandrapur',107),
 (1111,'Sreekail',107),
 (1112,'Tonki',107),
 (1113,'Babutiparha',107),
 (1114,'Barakanda',108),
 (1115,'Chandanpur',108),
 (1116,'Gobindapur',108),
 (1117,'Luterchar',108),
 (1118,'Radhanagar',108),
 (1119,'Manikerchar',108),
 (1120,'Chalibhanga',108),
 (1121,'AliAkbarDeli',109),
 (1122,'Baragop',109),
 (1123,'DakshinDhurung',109),
 (1124,'Kaiyarbil',109),
 (1125,'Lemsikhali',109),
 (1126,'UttarDhurung',109),
 (1127,'Bharuakhali',110),
 (1128,'Chaufaldandi',110),
 (1129,'Idgaon',110),
 (1130,'Jhilwanja',110),
 (1131,'Khurushkul',110),
 (1132,'PataliMachhuakhali',110),
 (1133,'Pokkhali',110),
 (1134,'Islampur',110),
 (1135,'Islamabad',110),
 (1136,'Jalalabad',110),
 (1137,'Badarkhali',111),
 (1138,'Barawtali',111),
 (1139,'BheolaManikChar',111),
 (1140,'Bomobilchari',111),
 (1141,'Chiringa',111),
 (1142,'Dulhazara',111),
 (1143,'PurbaBarabheola',111),
 (1144,'Fasiakhali',111),
 (1145,'Harbang',111),
 (1146,'Kakara',111),
 (1147,'Kaiarbil',111),
 (1148,'Khutakhali',111),
 (1149,'Lakhyarchar',111),
 (1150,'Saharbil',111),
 (1151,'PaschimBaraBheola',111),
 (1152,'Demushia',111),
 (1153,'Konakhali',111),
 (1154,'Surajpur-Manikpur',111),
 (1155,'BaraBakia',112),
 (1156,'Magnama',112),
 (1157,'Pekua',112),
 (1158,'Rajakhali',112),
 (1159,'Toitong',112),
 (1160,'Uzantia',112),
 (1161,'Shilkhali',112),
 (1162,'ChhotoMoheshkhali',113),
 (1163,'BaraMaheskhali',113),
 (1164,'Dhalghat',113),
 (1165,'Hoanak',113),
 (1166,'Kalarmarchhara',113),
 (1167,'Kutubjom',113),
 (1168,'Matarbari',113),
 (1169,'Shaplapur',113),
 (1170,'Chakmarkul',114),
 (1171,'Fatekharkul',114),
 (1172,'Garjania',114),
 (1173,'Idgar',114),
 (1174,'Joarianala',114),
 (1175,'Kachhapia',114),
 (1176,'Ghuniapalong',114),
 (1177,'Kowerkhope',114),
 (1178,'Rajarkul',114),
 (1179,'Rashidnagar',114),
 (1180,'DakshinMithachhari',114),
 (1181,'HaldiaPalong',115),
 (1182,'JaliaPalong',115),
 (1183,'RajaPalong',115),
 (1184,'RatnaPalong',115),
 (1185,'PalongKhali',115),
 (1186,'Baharchhara',116),
 (1187,'Nhila',116),
 (1188,'St.MartinDwip',116),
 (1189,'Sabrang',116),
 (1190,'Teknaf',116),
 (1191,'Whykong',116),
 (1192,'Azimpur',117),
 (1193,'Bhandari',117),
 (1194,'Birol',117),
 (1195,'Bijora',117),
 (1196,'Dhamair',117),
 (1197,'Dharmapur',117),
 (1198,'Farakkabad',117),
 (1199,'Mangalpur',117),
 (1200,'Ranipukur',117),
 (1201,'Sahargram',117),
 (1202,'Atgaon',118),
 (1203,'Chhatail',118),
 (1204,'Ishania',118),
 (1205,'Murshidhat',118),
 (1206,'Nafanagar',118),
 (1207,'Rangaon',118),
 (1208,'Abdulpur',119),
 (1209,'Alokdihi',119),
 (1210,'Amarpur',119),
 (1211,'Auliapukur',119),
 (1212,'Bhiail',119),
 (1213,'Fatehjangpur',119),
 (1214,'Isabpur',119),
 (1215,'Nasratpur',119),
 (1216,'Punotti',119),
 (1217,'Saintara',119),
 (1218,'Satnala',119),
 (1219,'Tentulia',119),
 (1220,'Aladipur',120),
 (1221,'Betdighi',120),
 (1222,'Daulatpur',120),
 (1223,'Eluary',120),
 (1224,'Kazihal',120),
 (1225,'Khoyerbari',120),
 (1226,'Shibnagar',120),
 (1227,'Bulakipur',121),
 (1228,'Ghoraghat',121),
 (1229,'Palash',121),
 (1230,'Shingra',121),
 (1231,'Alihat',122),
 (1232,'Boaldar',122),
 (1233,'Khambamadhobpara',122),
 (1234,'Dabor',123),
 (1235,'Mukundapur',123),
 (1236,'Ramchandrapur',123),
 (1237,'Rasulpur',123),
 (1238,'Sundarpur',123),
 (1239,'Targaon',123),
 (1240,'Alokjhari',124),
 (1241,'Angarpara',124),
 (1242,'Bhabki',124),
 (1243,'Bherbheli',124),
 (1244,'Goaldihi',124),
 (1245,'Khamarpara',124),
 (1246,'Askarpur',125),
 (1247,'Auliapur',125),
 (1248,'Chehelgazi',125),
 (1249,'Fazilpur',125),
 (1250,'Kamolpur',125),
 (1251,'Shankarpur',125),
 (1252,'Shashra',125),
 (1253,'Sekhpura',125),
 (1254,'Sundarban',125),
 (1255,'Uthrail',125),
 (1256,'Bhaduria',126),
 (1257,'Binodpur',126),
 (1258,'Daudpur',126),
 (1259,'Gopalganj',126),
 (1260,'Joypur',126),
 (1261,'Kushdaha',126),
 (1262,'Mahmudpur',126),
 (1263,'Putimara',126),
 (1264,'Shalkhuria',126),
 (1265,'Benail',127),
 (1266,'Mukundpur',127),
 (1267,'Deor',127),
 (1268,'Jotbani',127),
 (1269,'Katla',127),
 (1270,'Khanpur',127),
 (1271,'Poliprayagpur',127),
 (1272,'Belaichandi',128),
 (1273,'Chandipur',128),
 (1274,'Habra',128),
 (1275,'Hamidpur',128),
 (1276,'Harirampur',128),
 (1277,'Manmathapur',128),
 (1278,'Mominpur',128),
 (1279,'Mostafapur',128),
 (1280,'Palashbari',128),
 (1281,'Rampur',128),
 (1282,'Bhognagar',129),
 (1283,'Moricha',129),
 (1284,'Mohammadpur',129),
 (1285,'Mohanpur',129),
 (1286,'Nijpara',129),
 (1287,'Palashbari',129),
 (1288,'Paltapur',129),
 (1289,'Shatagram',129),
 (1290,'Satore',129),
 (1291,'Shibrampur',129),
 (1292,'Sujalpur',129),
 (1293,'Atghar',130),
 (1294,'Ballabhdi',130),
 (1295,'Bhawal',130),
 (1296,'Gatti',130),
 (1297,'Jadunandi',130),
 (1298,'Majhardia',130),
 (1299,'Ramkantapur',130),
 (1300,'Sonapur',130),
 (1301,'CharJosardi',131),
 (1302,'Dangi',131),
 (1303,'Fulsuti',131),
 (1304,'Kaichail',131),
 (1305,'Laskardia',131),
 (1306,'KodaliaShahidNagar',131),
 (1307,'Purapara',131),
 (1308,'Ramnagar',131),
 (1309,'Talma',131),
 (1310,'Alfadanga',132),
 (1311,'Bana',132),
 (1312,'Buraich',132),
 (1313,'Gopalpur',132),
 (1314,'Panchuria',132),
 (1315,'Tagarband',132),
 (1316,'Algi',133),
 (1317,'Azimnagar',133),
 (1318,'Chumurdi',133),
 (1319,'Chandra',133),
 (1320,'Gharua',133),
 (1321,'Hamirdi',133),
 (1322,'Kalamridha',133),
 (1323,'Kaolibera',133),
 (1324,'Manikdaha',133),
 (1325,'Nasirabad',133),
 (1326,'Nurullaganj',133),
 (1327,'Tuzarpur',133),
 (1328,'Boalmari',134),
 (1329,'Chandpur',134),
 (1330,'Chatul',134),
 (1331,'Dadpur',134),
 (1332,'Ghoshpur',134),
 (1333,'Gunbaha',134),
 (1334,'Moyna',134),
 (1335,'Parameshwardi',134),
 (1336,'Rupapat',134),
 (1337,'Satair',134),
 (1338,'Shekhar',134),
 (1339,'Charbhadrasan',135),
 (1340,'CharHarirampur',135),
 (1341,'CharJhaukanda',135),
 (1342,'Gazirtek',135),
 (1343,'Aliabad',136),
 (1344,'Ambikapur',136),
 (1345,'Charmadhabdia',136),
 (1346,'Dikrirchar',136),
 (1347,'Gerda',136),
 (1348,'Ishangopalpur',136),
 (1349,'Koijuri',136),
 (1350,'Kanaipur',136),
 (1351,'Krishnanagar',136),
 (1352,'Machhar',136),
 (1353,'Northchannel',136),
 (1354,'AkoterChar',137),
 (1355,'Bhashanchar',137),
 (1356,'CharBishnupur',137),
 (1357,'CharManair',137),
 (1358,'CharNasirpur',137),
 (1359,'Dheukhali',137),
 (1360,'Krishnapur',137),
 (1361,'Narikelbaria',137),
 (1362,'Sadarpur',137),
 (1363,'Bagat',138),
 (1364,'Dumain',138),
 (1365,'Gajna',138),
 (1366,'Jahapur',138),
 (1367,'Kamarkhali',138),
 (1368,'Madhukhali',138),
 (1369,'Meghdhami',138),
 (1370,'Nawapara',138),
 (1371,'Roypur',138),
 (1372,'Daganbhuiyan',139),
 (1373,'Joylashkara',139),
 (1374,'MathuBhuiyan',139),
 (1375,'PurbaChandrapur',139),
 (1376,'Rajapur',139),
 (1377,'Ramnagar',139),
 (1378,'Sindurpur',139),
 (1379,'Yakubpur',139),
 (1380,'Gopal',140),
 (1381,'Mohamaya',140),
 (1382,'Pathannagar',140),
 (1383,'Radhanagar',140),
 (1384,'Subhapur',140),
 (1385,'Amirabad',141),
 (1386,'Bagdana',141),
 (1387,'CharChandira',141),
 (1388,'CharDarbesh',141),
 (1389,'CharMajlishpur',141),
 (1390,'Mangalkandi',141),
 (1391,'Matiganj',141),
 (1392,'Nawabpur',141),
 (1393,'Sonagazi',141),
 (1394,'Baligaon',142),
 (1395,'Dhalia',142),
 (1396,'Dharmapur',142),
 (1397,'Farhadnagar',142),
 (1398,'Fazilpur',142),
 (1399,'Kalidah',142),
 (1400,'Kazirbag',142),
 (1401,'Lemua',142),
 (1402,'Matabi',142),
 (1403,'Panchgachhiya',142),
 (1404,'Chanua',142),
 (1405,'Sarishadi',142),
 (1406,'Chithalia',143),
 (1407,'BakshMohammad',143),
 (1408,'Mirzanagar',143),
 (1409,'Amjadhat',144),
 (1410,'Anandapur',144),
 (1411,'Darbarpur',144),
 (1412,'Fulgazi',144),
 (1413,'G.M.Hat',144),
 (1414,'Munshirhat',144),
 (1415,'Bharatkhali',145),
 (1416,'Bonarpar',145),
 (1417,'Ghuridaha',145),
 (1418,'Haldia',145),
 (1419,'Jumarbari',145),
 (1420,'Kachua',145),
 (1421,'Kamalerpara',145),
 (1422,'Padumsahar',145),
 (1423,'Saghata',145),
 (1424,'Muktinagar',145),
 (1425,'Barisal',146),
 (1426,'Betkapa',146),
 (1427,'Harinathpur',146),
 (1428,'Hossainpur',146),
 (1429,'Kishorebari',146),
 (1430,'Mohadipur',146),
 (1431,'Manoharpur',146),
 (1432,'Pobnapur',146),
 (1433,'Palashbari',146),
 (1434,'Bamundanga',147),
 (1435,'Belka',147),
 (1436,'Chandipur',147),
 (1437,'Chhaparhati',147),
 (1438,'Dahabanda',147),
 (1439,'Dhopadanga',147),
 (1440,'Haripur',147),
 (1441,'Kanchibari',147),
 (1442,'Kapashia',147),
 (1443,'Ramjiban',147),
 (1444,'Shantiram',147),
 (1445,'Sarbananda',147),
 (1446,'Sonaroy',147),
 (1447,'Sreepur',147),
 (1448,'Tarapur',147),
 (1449,'Banagram',148),
 (1450,'Bhathgram',148),
 (1451,'Damodarpur',148),
 (1452,'Dhaperhat',148),
 (1453,'Faridpur',148),
 (1454,'Idilpur',148),
 (1455,'Jamalpur',148),
 (1456,'Khordakomarpur',148),
 (1457,'Kamarpara',148),
 (1458,'Naldanga',148),
 (1459,'Rasulpur',148),
 (1460,'Darbanta',149),
 (1461,'Gumaniganj',149),
 (1462,'Harirampur',149),
 (1463,'Kamardaha',149),
 (1464,'Kamdia',149),
 (1465,'Katabari',149),
 (1466,'Kochasahar',149),
 (1467,'Mahimaganj',149),
 (1468,'Nakai',149),
 (1469,'Rajahar',149),
 (1470,'Rakhalburuz',149),
 (1471,'Shalmara',149),
 (1472,'Sapmara',149),
 (1473,'Shakhahar',149),
 (1474,'Shibpur',149),
 (1475,'TalukKanupur',149),
 (1476,'Fulbari',149),
 (1477,'Badiakhali',150),
 (1478,'Ballamjhar',150),
 (1479,'Boali',150),
 (1480,'Ghagoa',150),
 (1481,'Gidari',150),
 (1482,'Kamarjani',150),
 (1483,'Kholahati',150),
 (1484,'Kuptala',150),
 (1485,'Laxmipur',150),
 (1486,'Malibari',150),
 (1487,'Mollarchar',150),
 (1488,'Ramchandrapur',150),
 (1489,'Sahapara',150),
 (1490,'Erendabari',151),
 (1491,'Fazlupur',151),
 (1492,'Fulchhari',151),
 (1493,'Gazaria',151),
 (1494,'Kanchipara',151),
 (1495,'Udakhali',151),
 (1496,'Uria',151),
 (1497,'Barmi',152),
 (1498,'Gazipur',152),
 (1499,'Gosinga',152),
 (1500,'Kaoraid',152),
 (1501,'Maona',152),
 (1502,'Prahlladpur',152),
 (1503,'Rajabari',152),
 (1504,'Telihati',152),
 (1505,'Barishab',153),
 (1506,'Chandpur',153),
 (1507,'Durgapur',153),
 (1508,'Ghagutia',153),
 (1509,'Kapasia',153),
 (1510,'Karihata',153),
 (1511,'Rayed',153),
 (1512,'Sanmania',153),
 (1513,'Singhasree',153),
 (1514,'Targaon',153),
 (1515,'Toke',153),
 (1516,'Bahadursadi',154),
 (1517,'Baktarpur',154),
 (1518,'Jamalpur',154),
 (1519,'Jangalia',154),
 (1520,'Kaliganj',154),
 (1521,'Moktarpur',154),
 (1522,'Nagori',154),
 (1523,'Tumulia',154),
 (1524,'Atabaha',155),
 (1525,'Boali',155),
 (1526,'Chapair',155),
 (1527,'Dhaljora',155),
 (1528,'Fulbaria',155),
 (1529,'Madhyapara',155),
 (1530,'Mouchak',155),
 (1531,'Sreefaltali',155),
 (1532,'Sutrapur',155),
 (1533,'Bashan',156),
 (1534,'Baria',156),
 (1535,'Gachha',156),
 (1536,'Kasimpur',156),
 (1537,'Kaultia',156),
 (1538,'Konabari',156),
 (1539,'Mirzapur',156),
 (1540,'Pubail',156),
 (1541,'Bhabrasur',157),
 (1542,'Bahugram',157),
 (1543,'Banshbaria',157),
 (1544,'Batikamari',157),
 (1545,'Dignagar',157),
 (1546,'Gobindapur',157),
 (1547,'Gohala',157),
 (1548,'Jalirpar',157),
 (1549,'Kashalia',157),
 (1550,'Khandarpara',157),
 (1551,'Maharajpur',157),
 (1552,'Mochna',157),
 (1553,'Nanixmir',157),
 (1554,'Pashargati',157),
 (1555,'Radhdi',157),
 (1556,'Ujani',157),
 (1557,'Amtali',158),
 (1558,'Bandhabari',158),
 (1559,'Ghaghar',158),
 (1560,'Hiron',158),
 (1561,'Kalabari',158),
 (1562,'Kandi',158),
 (1563,'Kushla',158),
 (1564,'Pinjuri',158),
 (1565,'Radhaganj',158),
 (1566,'Ramshil',158),
 (1567,'Sadullapur',158),
 (1568,'Suagram',158),
 (1569,'Barni',159),
 (1570,'Dumuria',159),
 (1571,'Gopalpur',159),
 (1572,'Kushli',159),
 (1573,'Patgati',159),
 (1574,'Borashi',160),
 (1575,'Boultali',160),
 (1576,'Chandradighalia',160),
 (1577,'Durgapur',160),
 (1578,'Gobra',160),
 (1579,'Gopinathpur',160),
 (1580,'Haridaspur',160),
 (1581,'Jalalabad',160),
 (1582,'Kajulia',160),
 (1583,'Karpara',160),
 (1584,'Kathi',160),
 (1585,'Latifpur',160),
 (1586,'Majhigati',160),
 (1587,'Nizra',160),
 (1588,'Paikkandi',160),
 (1589,'Raghunathpur',160),
 (1590,'Sahapur',160),
 (1591,'Satpar',160),
 (1592,'Suktail',160),
 (1593,'Ulpur',160),
 (1594,'Urafi',160),
 (1595,'Bethuri',161),
 (1596,'Fukura',161),
 (1597,'Hatiara',161),
 (1598,'Kashiani',161),
 (1599,'Mamudpur',161),
 (1600,'Maheshpur',161),
 (1601,'Nijamkandi',161),
 (1602,'Orakandi',161),
 (1603,'Parulia',161),
 (1604,'Puisur',161),
 (1605,'Rajpat',161),
 (1606,'Ratoil',161),
 (1607,'Sajail',161),
 (1608,'Singa',161),
 (1609,'UttarPurbaBaniachang',162),
 (1610,'UttarPaschimBaniyachang',162),
 (1611,'DakshinPurbaBaniyachang',162),
 (1612,'DakshinPaschimBaniyachan',162),
 (1613,'Baraiuri',162),
 (1614,'Daulatpur',162),
 (1615,'Kagapasha',162),
 (1616,'Khagaura',162),
 (1617,'Makrampur',162),
 (1618,'Mandari',162),
 (1619,'Muradpur',162),
 (1620,'Pailarkandi',162),
 (1621,'Pukhra',162),
 (1622,'Sujatpur',162),
 (1623,'Subidpur',162),
 (1624,'Azmiriganj',163),
 (1625,'Badarpur',163),
 (1626,'Jalsukha',163),
 (1627,'Kakailsew',163),
 (1628,'Shibpasha',163),
 (1629,'Auskandi',164),
 (1630,'Bausha',164),
 (1631,'Debpara',164),
 (1632,'Dighalbak',164),
 (1633,'Gaznaipur',164),
 (1634,'Inathganj',164),
 (1635,'KalairBanga',164),
 (1636,'Kargaon',164),
 (1637,'Kurshi',164),
 (1638,'Nabiganj',164),
 (1639,'Paniunda',164),
 (1640,'PurbaBaraBakhair',164),
 (1641,'PaschimBaraBhakhair',164),
 (1642,'Adaur',165),
 (1643,'Bagasura',165),
 (1644,'Bahara',165),
 (1645,'Bulla',165),
 (1646,'Chhatian',165),
 (1647,'Chowmohani',165),
 (1648,'Dharmaghar',165),
 (1649,'Jagadishpur',165),
 (1650,'Noapara',165),
 (1651,'Shahjahanpur',165),
 (1652,'Andiura',165),
 (1653,'Bamai',166),
 (1654,'Bulla',166),
 (1655,'Karab',166),
 (1656,'Lakhai',166),
 (1657,'Muriauk',166),
 (1658,'Murakari',166),
 (1659,'Gopaya',167),
 (1660,'Laskarpur',167),
 (1661,'Lukhra',167),
 (1662,'Nizampur',167),
 (1663,'Nurpur',167),
 (1664,'Poil',167),
 (1665,'Raziura',167),
 (1666,'Richi',167),
 (1667,'Saistaganj',167),
 (1668,'Tegharia',167),
 (1669,'Ahammadabad',168),
 (1670,'Chunarughat',168),
 (1671,'Deorgach',168),
 (1672,'Gazipur',168),
 (1673,'Miashi',168),
 (1674,'Paikpara',168),
 (1675,'Ranigaon',168),
 (1676,'Shankhola',168),
 (1677,'Shatiajuri',168),
 (1678,'Ubahata',168),
 (1679,'Bahubal',169),
 (1680,'Bhadeshwar',169),
 (1681,'Lamatashi',169),
 (1682,'Mirpur',169),
 (1683,'Putijuri',169),
 (1684,'Satkapan',169),
 (1685,'Snanghat',169),
 (1686,'Bahadurabad',170),
 (1687,'CharAmkhaoa',170),
 (1688,'Chikajani',170),
 (1689,'Chukaibari',170),
 (1690,'Dangdhara',170),
 (1691,'Dewanganj',170),
 (1692,'Hatebhanga',170),
 (1693,'Parramrampur',170),
 (1694,'Belgachha',171),
 (1695,'CharGoalini',171),
 (1696,'CharPutimari',171),
 (1697,'Chinaduli',171),
 (1698,'Gaibandha',171),
 (1699,'GoalerChar',171),
 (1700,'Islampur',171),
 (1701,'Kulkandi',171),
 (1702,'Noarpara',171),
 (1703,'Palbandha',171),
 (1704,'Patharsi',171),
 (1705,'Sapdhari',171),
 (1706,'Banshchara',172),
 (1707,'Digpaith',172),
 (1708,'Ghoradhap',172),
 (1709,'Itail',172),
 (1710,'Kendua',172),
 (1711,'LaxmirChar',172),
 (1712,'Meshta',172),
 (1713,'Narundi',172),
 (1714,'Ranagachha',172),
 (1715,'Rashidpur',172),
 (1716,'Sahabajpur',172),
 (1717,'Sharifpur',172),
 (1718,'Sreepur',172),
 (1719,'Titpalla',172),
 (1720,'TulsirChar',172),
 (1721,'Adarbhita',173),
 (1722,'Balijuri',173),
 (1723,'CharPakerdaha',173),
 (1724,'Gunaritola',173),
 (1725,'Jorekhali',173),
 (1726,'Karaichura',173),
 (1727,'Sidhuli',173),
 (1728,'Adra',174),
 (1729,'CharBanipakuria',174),
 (1730,'Durmut',174),
 (1731,'Fulkocha',174),
 (1732,'GhosherPara',174),
 (1733,'Jhaugara',174),
 (1734,'Kulia',174),
 (1735,'Mahmudpur',174),
 (1736,'Nangla',174),
 (1737,'Nayanagar',174),
 (1738,'Shyampur',174),
 (1739,'Aona',175),
 (1740,'Bhatara',175),
 (1741,'Doail',175),
 (1742,'Kamrabad',175),
 (1743,'Mahadan',175),
 (1744,'Pingna',175),
 (1745,'Pogaldigha',175),
 (1746,'Satpoa',175),
 (1747,'BagarChar',176),
 (1748,'Bakshiganj',176),
 (1749,'Battajore',176),
 (1750,'DhanuaKamalpur',176),
 (1751,'MerurChar',176),
 (1752,'Nilaxmia',176),
 (1753,'SadhuPara',176),
 (1754,'Baghutia',177),
 (1755,'Prembag',177),
 (1756,'Sundoli',177),
 (1757,'Payra',177),
 (1758,'Chalishia',177),
 (1759,'Siddhipasha',177),
 (1760,'Sreedharpur',177),
 (1761,'Suvorara',177),
 (1762,'Basuari',178),
 (1763,'Bandabila',178),
 (1764,'Darajhat',178),
 (1765,'Dhalgram',178),
 (1766,'Dohakula',178),
 (1767,'Jamdia',178),
 (1768,'Jahurpur',178),
 (1769,'Narikelbaria',178),
 (1770,'Roypur',178),
 (1771,'Chowgacha',179),
 (1772,'Dhuliani',179),
 (1773,'Hakimpur',179),
 (1774,'Jagadishpur',179),
 (1775,'Swarupdaha',179),
 (1776,'Narayanpur',179),
 (1777,'Pashapole',179),
 (1778,'Patibila',179),
 (1779,'Phulsara',179),
 (1780,'Singhajhuli',179),
 (1781,'Sukpukuria',179),
 (1782,'Bankura',180),
 (1783,'Ganganandapur',180),
 (1784,'Gadkhali',180),
 (1785,'Hajirbag',180),
 (1786,'Jhikargachha',180),
 (1787,'Magura',180),
 (1788,'Navaron',180),
 (1789,'Nirbaskhola',180),
 (1790,'Panisara',180),
 (1791,'Shankarpur',180),
 (1792,'Shimulia',180),
 (1793,'Bidyanandakati',181),
 (1794,'Gourighona',181),
 (1795,'Keshabpur',181),
 (1796,'Majidpur',181),
 (1797,'Mangalkot',181),
 (1798,'Panjia',181),
 (1799,'Sagardari',181),
 (1800,'Sufalakati',181),
 (1801,'Trimohini',181),
 (1802,'Arabpur',182),
 (1803,'Basundia',182),
 (1804,'Chanchra',182),
 (1805,'Churamonkati',182),
 (1806,'Deara',182),
 (1807,'Fatepur',182),
 (1808,'Hoibatpur',182),
 (1809,'Ehali',182),
 (1810,'Kashimpur',182),
 (1811,'Kachua',182),
 (1812,'Lebutala',182),
 (1813,'Narendrapur',182),
 (1814,'Noapara',182),
 (1815,'Ramnagar',182),
 (1816,'NatunUpa-Sahar',182),
 (1817,'Bhojgati',183),
 (1818,'Chaluahati',183),
 (1819,'Dhakuria',183),
 (1820,'Durbadanga',183),
 (1821,'Haridaskati',183),
 (1822,'Hariharnagar',183),
 (1823,'Jhapa',183),
 (1824,'Kashimnagar',183),
 (1825,'Khanpur',183),
 (1826,'Khedapara',183),
 (1827,'Kultia',183),
 (1828,'Monirampur',183),
 (1829,'Manoharpur',183),
 (1830,'Maswimnagar',183),
 (1831,'Nehalpur',183),
 (1832,'Rohita',183),
 (1833,'Shyamkur',183),
 (1834,'Bagachra',184),
 (1835,'Bahadurpur',184),
 (1836,'Benapole',184),
 (1837,'Dihi',184),
 (1838,'Goga',184),
 (1839,'Kayba',184),
 (1840,'Laxmanpur',184),
 (1841,'Nizampur',184),
 (1842,'Putkhali',184),
 (1843,'Sharsha',184),
 (1844,'Ulshi',184),
 (1845,'Basanda',185),
 (1846,'Bijoykati',185),
 (1847,'GabkhanDhansiri',185),
 (1848,'GabhaRamchandrapur',185),
 (1849,'Keora',185),
 (1850,'Kirtipasha',185),
 (1851,'Nabagram',185),
 (1852,'Nathullabad',185),
 (1853,'Ponabalia',185),
 (1854,'Sekherhat',185),
 (1855,'Amua',186),
 (1856,'Awrabunia',186),
 (1857,'ChenchriRampur',186),
 (1858,'Kanthalia',186),
 (1859,'Patikhalghata',186),
 (1860,'Sauljalia',186),
 (1861,'Bhairabpasha',187),
 (1862,'Dapdapia',187),
 (1863,'Kulkathi',187),
 (1864,'Kusanghal',187),
 (1865,'Mollarhat',187),
 (1866,'Magar',187),
 (1867,'NachanMohal',187),
 (1868,'Ranapasha',187),
 (1869,'Siddhakathi',187),
 (1870,'Subidpur',187),
 (1871,'Baruia',188),
 (1872,'Galua',188),
 (1873,'Mathbari',188),
 (1874,'Rajapur',188),
 (1875,'Saturia',188),
 (1876,'Suktagarh',188),
 (1877,'Abaipur',189),
 (1878,'Bogra',189),
 (1879,'Balharachandra',189),
 (1880,'Dignagar',189),
 (1881,'Dudhsammata',189),
 (1882,'Fulhar',189),
 (1883,'Hakimpur',189),
 (1884,'Kachekol',189),
 (1885,'Mirzapur',189),
 (1886,'Monohorpur',189),
 (1887,'Nityanandapur',189),
 (1888,'Sarutia',189),
 (1889,'Tribeni',189),
 (1890,'Umedpur',189),
 (1891,'Azampur',190),
 (1892,'Banshbaria',190),
 (1893,'Fatepur',190),
 (1894,'Jadabpur',190),
 (1895,'Kazirber',190),
 (1896,'Panthapara',190),
 (1897,'Natima',190),
 (1898,'Nepa',190),
 (1899,'Manderbaria',190),
 (1900,'Shyamkur',190),
 (1901,'S.B.K',190),
 (1902,'Swaruppur',190),
 (1903,'Balohar',191),
 (1904,'Dora',191),
 (1905,'Elangi',191),
 (1906,'Kushna',191),
 (1907,'Sabdalpur',191),
 (1908,'Bhayna',192),
 (1909,'Chandpur',192),
 (1910,'Daulatpur',192),
 (1911,'Falshi',192),
 (1912,'Joradaha',192),
 (1913,'Kapashtia',192),
 (1914,'Raghunathpur',192),
 (1915,'Taherhuda',192),
 (1916,'Dogachhi',193),
 (1917,'Fursundi',193),
 (1918,'Ganna',193),
 (1919,'Ghorashal',193),
 (1920,'Halidhani',193),
 (1921,'Harishankarpur',193),
 (1922,'Kalicharanpur',193),
 (1923,'Kumrabaria',193),
 (1924,'Madhuhati',193),
 (1925,'Moharajpur',193),
 (1926,'Naldanga',193),
 (1927,'Padmakar',193),
 (1928,'Paglakanai',193),
 (1929,'Porahati',193),
 (1930,'Saganna',193),
 (1931,'Sadhuhati',193),
 (1932,'Surat',193),
 (1933,'Barabazar',194),
 (1934,'Jamal',194),
 (1935,'Kashtobhanga',194),
 (1936,'Kola',194),
 (1937,'Maliat',194),
 (1938,'Niamatpur',194),
 (1939,'Roygram',194),
 (1940,'Rakhalgachhi',194),
 (1941,'Sundarpur-Durgapur',194),
 (1942,'Shimla-Rokonpur',194),
 (1943,'Trilochanpur',194),
 (1944,'Amdoi',195),
 (1945,'Banbu',195),
 (1946,'Chakbarkat',195),
 (1947,'Bhadsa',195),
 (1948,'Dhalahar',195),
 (1949,'Dogachhi',195),
 (1950,'Jamalpur',195),
 (1951,'Mohammadabad',195),
 (1952,'Puranapoil',195),
 (1953,'Gopinathpur',196),
 (1954,'Roykali',196),
 (1955,'Rukindipur',196),
 (1956,'Sonamukhi',196),
 (1957,'Tilakpur',196),
 (1958,'Alampur',197),
 (1959,'Baratara',197),
 (1960,'Barail',197),
 (1961,'Khetlal',197),
 (1962,'Mamudpur',197),
 (1963,'Awlai',198),
 (1964,'Atapur',198),
 (1965,'AymaRasulpur',198),
 (1966,'Bagjana',198),
 (1967,'Balighata',198),
 (1968,'Dharanji',198),
 (1969,'Kusumba',198),
 (1970,'Mohammudpur',198),
 (1971,'Matrai',199),
 (1972,'Punat',199),
 (1973,'Udaypur',199),
 (1974,'Zindarpur',199),
 (1975,'Ahmmadabad',199),
 (1976,'Bhaibonchhara',200),
 (1977,'Golabari',200),
 (1978,'Kamalchhari',200),
 (1979,'Khagrachhari',200),
 (1980,'Perachhara',200),
 (1981,'Kayangghat',201),
 (1982,'Mahalchhari',201),
 (1983,'Maschhari',201),
 (1984,'Mubachhari',201),
 (1985,'Sindukchhari',201),
 (1986,'Babuchhara',202),
 (1987,'Boalkhali',202),
 (1988,'Dighinala',202),
 (1989,'Kabakhali',202),
 (1990,'Merun',202),
 (1991,'Chengi',203),
 (1992,'Latiban',203),
 (1993,'Logang',203),
 (1994,'Panchhari',203),
 (1995,'Halfchhari',204),
 (1996,'Pathachhara',204),
 (1997,'Ramgarh',204),
 (1998,'Batnatali',205),
 (1999,'Manikchhari',205),
 (2000,'Barmachhari',206),
 (2001,'Dulyatali',206),
 (2002,'Laxmichhari',206),
 (2003,'Baranala',207),
 (2004,'Belchhari',207),
 (2005,'Guimara',207),
 (2006,'Gumti',207),
 (2007,'Matiranga',207),
 (2008,'Tubalchhari',207),
 (2009,'Taindang',207),
 (2010,'Bajua',208),
 (2011,'Banishanta',208),
 (2012,'Laudobe',208),
 (2013,'Chalna',208),
 (2014,'Dacope',208),
 (2015,'Koilashganj',208),
 (2016,'Kamarkhola',208),
 (2017,'Sutarkhali',208),
 (2018,'Tildanga',208),
 (2019,'Amirpur',209),
 (2020,'Baliadanga',209),
 (2021,'Batiaghata',209),
 (2022,'Bhandarkote',209),
 (2023,'Gangarampur',209),
 (2024,'Jalma',209),
 (2025,'Surkhali',209),
 (2026,'Arongghata',210),
 (2027,'Jogipole',210),
 (2028,'Barakpur',210),
 (2029,'Dighalia',210),
 (2030,'Gazirhat',210),
 (2031,'Senhati',210),
 (2032,'Atalia',211),
 (2033,'Bhandarpara',211),
 (2034,'Dhamalia',211),
 (2035,'Dumuria',211),
 (2036,'Gutudia',211),
 (2037,'Kharnia',211),
 (2038,'Magurkhali',211),
 (2039,'Maguraghona',211),
 (2040,'Raghunathpur',211),
 (2041,'Rangpur',211),
 (2042,'Rudaghora',211),
 (2043,'Shahosh',211),
 (2044,'Shrafpur',211),
 (2045,'Shobhona',211),
 (2046,'Amadi',212),
 (2047,'Bagali',212),
 (2048,'DakshinDebkasi',212),
 (2049,'Koyra',212),
 (2050,'Maharajpur',212),
 (2051,'Maheshwaripur',212),
 (2052,'UttarDebkashi',212),
 (2053,'Chandkhali',213),
 (2054,'Deluty',213),
 (2055,'Gadaipur',213),
 (2056,'Gudikhali',213),
 (2057,'Haridhali',213),
 (2058,'Kapilmuni',213),
 (2059,'Laskar',213),
 (2060,'Lata',213),
 (2061,'Raduli',213),
 (2062,'Sholadana',213),
 (2063,'Atragilatola',214),
 (2064,'Damodaw',214),
 (2065,'Jamira',214),
 (2066,'Fultola',214),
 (2067,'Ajgora',215),
 (2068,'Barasat',215),
 (2069,'Madhupur',215),
 (2070,'Sachiradah',215),
 (2071,'Chagladah',215),
 (2072,'Terokhada',215),
 (2073,'Aichgati',216),
 (2074,'Ghatbhog',216),
 (2075,'Noihati',216),
 (2076,'Sreefaltala',216),
 (2077,'T.S.Bahibadia',216),
 (2078,'Binnati',217),
 (2079,'Bawlai',217),
 (2080,'Chauddasata',217),
 (2081,'DanaPatuli',217),
 (2082,'Jasodal',217),
 (2083,'KorshaKariail',217),
 (2084,'Latibabad',217),
 (2085,'Mahinanda',217),
 (2086,'MaijKhapan',217),
 (2087,'Maria',217),
 (2088,'Rashidabad',217),
 (2089,'Dhaki',218),
 (2090,'Ghagra',218),
 (2091,'Gopedighi',218),
 (2092,'Katkhal',218),
 (2093,'Kewarjore',218),
 (2094,'Mithamoin',218),
 (2095,'Boirati',218),
 (2096,'Damiha',219),
 (2097,'Dhala',219),
 (2098,'Digdair',219),
 (2099,'Jawar',219),
 (2100,'Rauti',219),
 (2101,'Talganga',219),
 (2102,'TarailSachail',219),
 (2103,'Burdia',220),
 (2104,'Chandipasha',220),
 (2105,'CharFaradi',220),
 (2106,'Egarasindur',220),
 (2107,'Hosendi',220),
 (2108,'Jangalia',220),
 (2109,'Narandi',220),
 (2110,'Pakundia',220),
 (2111,'Patuabhanga',220),
 (2112,'Sukhia',220),
 (2113,'Chhaysuti',221),
 (2114,'Faridpur',221),
 (2115,'GubariaAbdullahpur',221),
 (2116,'Osmanpur',221),
 (2117,'Ramdi',221),
 (2118,'Salua',221),
 (2119,'Achmita',222),
 (2120,'Banagram',222),
 (2121,'Chandpur',222),
 (2122,'Jalalpur',222),
 (2123,'Kargaon',222),
 (2124,'Luhajuri',222),
 (2125,'Masua',222),
 (2126,'Mumurdia',222),
 (2127,'ShahaDhulia',222),
 (2128,'Dampara',223),
 (2129,'Gurue',223),
 (2130,'Jaraitala',223),
 (2131,'Karpasha',223),
 (2132,'Nikli',223),
 (2133,'Singpur',223),
 (2134,'Chhatirchar',223),
 (2135,'Baragharia',224),
 (2136,'Dehunda',224),
 (2137,'Gundhar',224),
 (2138,'Gujadia',224),
 (2139,'Jafarabad',224),
 (2140,'Joyka',224),
 (2141,'KadirJungle',224),
 (2142,'Karimganj',224),
 (2143,'Niamatpur',224),
 (2144,'Noabad',224),
 (2145,'SutarPara',224),
 (2146,'Adampur',225),
 (2147,'Austagram',225),
 (2148,'BangalPara',225),
 (2149,'Deoghar',225),
 (2150,'Kalma',225),
 (2151,'Kastul',225),
 (2152,'KhayerpurAbdullahpur',225),
 (2153,'PurbaAustagram',225),
 (2154,'Baliadi',226),
 (2155,'Dighirpar',226),
 (2156,'Dilalpur',226),
 (2157,'GazirChar',226),
 (2158,'Halimpur',226),
 (2159,'Hilachia',226),
 (2160,'Humaipur',226),
 (2161,'Kailag',226),
 (2162,'MaijChar',226),
 (2163,'Pirijpur',226),
 (2164,'SararChar',226),
 (2165,'Aganagar',227),
 (2166,'Gazaria',227),
 (2167,'Kalikaprashad',227),
 (2168,'Sadekpur',227),
 (2169,'Shibpur',227),
 (2170,'Shimulkandi',227),
 (2171,'Sreenagar',227),
 (2172,'Araibari',228),
 (2173,'Gobindapur',228),
 (2174,'Jirani',228),
 (2175,'Pumdi',228),
 (2176,'Sahedal',228),
 (2177,'Sidhla',228),
 (2178,'Elongjuri',229),
 (2179,'Badla',229),
 (2180,'Baribari',229),
 (2181,'Dhanpur',229),
 (2182,'Gazipur',229),
 (2183,'Itna',229),
 (2184,'Joysiddi',229),
 (2185,'Mrigha',229),
 (2186,'Raituti',229),
 (2187,'Chowganga',229),
 (2188,'Andharijhar',230),
 (2189,'Bhurungamari',230),
 (2190,'Boldia',230),
 (2191,'Bangasonahat',230),
 (2192,'Charbhurungamari',230),
 (2193,'Joymanirhat',230),
 (2194,'Paikerchhara',230),
 (2195,'Pathardubi',230),
 (2196,'Shilkhuri',230),
 (2197,'Tilai',230),
 (2198,'Rajibpur',231),
 (2199,'Kodalkati',231),
 (2200,'Mohanganj',231),
 (2201,'Ashtamirchar',232),
 (2202,'Chirmari',232),
 (2203,'Nayarhat',232),
 (2204,'Ramna',232),
 (2205,'Raniganj',232),
 (2206,'Thanahat',232),
 (2207,'Baravita',233),
 (2208,'Bhangamore',233),
 (2209,'Fulbari',233),
 (2210,'Kashipur',233),
 (2211,'Naodanga',233),
 (2212,'Shimulbari',233),
 (2213,'Belgachha',234),
 (2214,'Bhogdanga',234),
 (2215,'Ghogadaha',234),
 (2216,'Holukhan',234),
 (2217,'Jatrapur',234),
 (2218,'Kanthalbari',234),
 (2219,'Mogalbasa',234),
 (2220,'Panchgachhi',234),
 (2221,'Ballaverkhas',235),
 (2222,'Bamandanga',235),
 (2223,'Berubari',235),
 (2224,'Bhitarband',235),
 (2225,'Hasnabad',235),
 (2226,'Kachakata',235),
 (2227,'Kaliganj',235),
 (2228,'Kedar',235),
 (2229,'Narayanpur',235),
 (2230,'Newashi',235),
 (2231,'Noonkhawa',235),
 (2232,'Royganj',235),
 (2233,'Ramkhan',235),
 (2234,'Santoshpur',235),
 (2235,'Bandaber',236),
 (2236,'Dantbhanga',236),
 (2237,'Jadurchar',236),
 (2238,'Rowmari',236),
 (2239,'Shailmari',236),
 (2240,'Bidyananda',237),
 (2241,'Chakirpashar',237),
 (2242,'Chhinai',237),
 (2243,'Gharialdanga',237),
 (2244,'Nazimkhan',237),
 (2245,'Rajarhat',237),
 (2246,'UmarMajid',237),
 (2247,'Begumganj',238),
 (2248,'Bazra',238),
 (2249,'Buraburi',238),
 (2250,'Daldalia',238),
 (2251,'Dhamosreni',238),
 (2252,'Dharanibari',238),
 (2253,'Durgapur',238),
 (2254,'Gunaigachh',238),
 (2255,'Hatia',238),
 (2256,'Pandul',238),
 (2257,'SaheberAlga',238),
 (2258,'Tabakpur',238),
 (2259,'Thetrai',238),
 (2260,'Janipur',239),
 (2261,'Khoksa',239),
 (2262,'Sumashpur',239),
 (2263,'Ambaria',239),
 (2264,'Shimulia',239),
 (2265,'Gopogram',239),
 (2266,'JoyontiHazra',239),
 (2267,'Betbaria',239),
 (2268,'Osmanpur',239),
 (2269,'Bahadurpur',240),
 (2270,'Bahirpar',240),
 (2271,'Chandgram',240),
 (2272,'Dharampur',240),
 (2273,'Juniadaha',240),
 (2274,'Mokarimpur',240),
 (2275,'Adabaria',241),
 (2276,'Aria',241),
 (2277,'Boalia',241),
 (2278,'Chilmari',241),
 (2279,'Daulatpur',241),
 (2280,'Hogalbaria',241),
 (2281,'Kholishakundi',241),
 (2282,'Maricha',241),
 (2283,'Mathurapur',241),
 (2284,'Pearpur',241),
 (2285,'Philipnagar',241),
 (2286,'Pragpur',241),
 (2287,'Ramkrishnapur',241),
 (2288,'Refayetpur',241),
 (2289,'Bagulat',242),
 (2290,'Charsadipur',242),
 (2291,'Chandpur',242),
 (2292,'Chapra',242),
 (2293,'Jaduboyra',242),
 (2294,'Jagannathpur',242),
 (2295,'Kaya',242),
 (2296,'Nandalalpur',242),
 (2297,'Panti',242),
 (2298,'Sadaki',242),
 (2299,'Shelaidaha',242),
 (2300,'Ambaria',243),
 (2301,'Amla',243),
 (2302,'Bahalbaria',243),
 (2303,'Baroipara',243),
 (2304,'Chhatian',243),
 (2305,'Chitholia',243),
 (2306,'Korsha',243),
 (2307,'Malidah',243),
 (2308,'Poradaha',243),
 (2309,'Sardarpur',243),
 (2310,'Talbaria',243),
 (2311,'Fulbaria',243),
 (2312,'Abdalpur',244),
 (2313,'Ailchar',244),
 (2314,'Alampur',244),
 (2315,'Barakhada',244),
 (2316,'GoswamiDurgapur',244),
 (2317,'Harinarayanpur',244),
 (2318,'Hatshahripur',244),
 (2319,'Jagati',244),
 (2320,'Jiarathi',244),
 (2321,'Jhaudia',244),
 (2322,'Mazampur',244),
 (2323,'Manohardia',244),
 (2324,'Patikabari',244),
 (2325,'Ujangram',244),
 (2326,'Bawra',245),
 (2327,'Jagatbera',245),
 (2328,'Jongra',245),
 (2329,'Kuchhlibari',245),
 (2330,'Patgram',245),
 (2331,'Sreerampur',245),
 (2332,'Dahagram',245),
 (2333,'Barabari',246),
 (2334,'Gokunda',246),
 (2335,'Harati',246),
 (2336,'Khuniagachh',246),
 (2337,'Kulaghat',246),
 (2338,'Mogalhat',246),
 (2339,'Mahendranagar',246),
 (2340,'Panchagram',246),
 (2341,'Rajpur',246),
 (2342,'Bhotmari',247),
 (2343,'Chalbala',247),
 (2344,'Chandrapur',247),
 (2345,'Dalagram',247),
 (2346,'Goral',247),
 (2347,'Kakina',247),
 (2348,'Madati',247),
 (2349,'Tushbhandar',247),
 (2350,'Barakhata',248),
 (2351,'Bhelaguri',248),
 (2352,'Dhauabari',248),
 (2353,'Goddimari',248),
 (2354,'Gotamari',248),
 (2355,'Nowdabash',248),
 (2356,'Patikapara',248),
 (2357,'Shingimari',248),
 (2358,'Sindurna',248),
 (2359,'Tongbhanga',248),
 (2360,'Bhadai',249),
 (2361,'Bhelabari',249),
 (2362,'Durgapur',249),
 (2363,'Kamalabari',249),
 (2364,'Mahishkhocha',249),
 (2365,'Palshi',249),
 (2366,'Saptibari',249),
 (2367,'Sarpukur',249),
 (2368,'CharFalcon',250),
 (2369,'PatwaryHat',250),
 (2370,'CharKadira',250),
 (2371,'Torabganj',250),
 (2372,'CharKalkini',250),
 (2373,'ShaeberHat',250),
 (2374,'CharLawrence',250),
 (2375,'CharMartin',250),
 (2376,'Hajirhat',250),
 (2377,'BaraKheri',251),
 (2378,'CharAbdullah',251),
 (2379,'CharAlexandar',251),
 (2380,'CharAlgi',251),
 (2381,'CharBadam',251),
 (2382,'CharGazi',251),
 (2383,'CharRamiz',251),
 (2384,'CharPoragacha',251),
 (2385,'Bhadur',252),
 (2386,'Bhatra',252),
 (2387,'Bholakot',252),
 (2388,'Chandipur',252),
 (2389,'Darbeshpur',252),
 (2390,'Ichhapur',252),
 (2391,'Kanchanpur',252),
 (2392,'Karpara',252),
 (2393,'Lamchar',252),
 (2394,'Noagaon',252),
 (2395,'Bamni',253),
 (2396,'CharAbabilUttar',253),
 (2397,'CharBangshiUttar',253),
 (2398,'CharMohana',253),
 (2399,'Keroa',253),
 (2400,'Roypur',253),
 (2401,'Sonapur',253),
 (2402,'CharBangshiDakshin',253),
 (2403,'CharAbabilDakshin',253),
 (2404,'CharPata',253),
 (2405,'Bangakha',254),
 (2406,'Basikpur',254),
 (2407,'Bhabaniganj',254),
 (2408,'Chandraganj',254),
 (2409,'Charsahi',254),
 (2410,'CharRuhita',254),
 (2411,'Dalalbazar',254),
 (2412,'DattaPara',254),
 (2413,'Dighali',254),
 (2414,'HajirPara',254),
 (2415,'Kushakhali',254),
 (2416,'Laharkandi',254),
 (2417,'Mandari',254),
 (2418,'UttarHamchadi',254),
 (2419,'Parbatinagar',254),
 (2420,'Shakchar',254),
 (2421,'DakshinHamchadi',254),
 (2422,'UttarJoypur',254),
 (2423,'Alinagar',255),
 (2424,'Baligram',255),
 (2425,'Banshgari',255),
 (2426,'Sidikhan',255),
 (2427,'Dasar',255),
 (2428,'Enayetnagar',255),
 (2429,'Gopalpur',255),
 (2430,'Kayaria',255),
 (2431,'KaziBakai',255),
 (2432,'Laxmipur',255),
 (2433,'Nabagram',255),
 (2434,'Ramjanpur',255),
 (2435,'Sahebrampur',255),
 (2436,'ShikarMangal',255),
 (2437,'Kunia',255),
 (2438,'Khoajpur',255),
 (2439,'Bahadurpur',256),
 (2440,'Chhilarchar',256),
 (2441,'Dhurail',256),
 (2442,'Dudhkhali',256),
 (2443,'Ghatmajhi',256),
 (2444,'Jhaudi',256),
 (2445,'Kalikapur',256),
 (2446,'Kendua',256),
 (2447,'Khoajpur',256),
 (2448,'Kunia',256),
 (2449,'Mostafapur',256),
 (2450,'Panchkhola',256),
 (2451,'Pearpur',256),
 (2452,'Rasti',256),
 (2453,'Sirkhara',256),
 (2454,'Amgram',257),
 (2455,'Badarpasha',257),
 (2456,'Bajitpur',257),
 (2457,'Hossainpur',257),
 (2458,'Ishibpur',257),
 (2459,'Kabirajpur',257),
 (2460,'Kadambari',257),
 (2461,'Khalia',257),
 (2462,'Paikpara',257),
 (2463,'Rajoir',257),
 (2464,'Mahendradi-Haridasdee',257),
 (2465,'Bandarkhola',258),
 (2466,'Banshkandi',258),
 (2467,'Boheratala',258),
 (2468,'Bhadrasan',258),
 (2469,'Bhandarikandi',258),
 (2470,'Charjanajat',258),
 (2471,'Dattapara',258),
 (2472,'DitiyaKhanda',258),
 (2473,'Kadirpur',258),
 (2474,'Kanthalbari',258),
 (2475,'Kutubpur',258),
 (2476,'MadaberChar',258),
 (2477,'Nilakhi',258),
 (2478,'Panchchar',258),
 (2479,'SannyasirChar',258),
 (2480,'Shibchar',258),
 (2481,'Siruail',258),
 (2482,'Umedpur',258),
 (2483,'Arpara',259),
 (2484,'Bunagati',259),
 (2485,'Dhaneshwargati',259),
 (2486,'Gangarampur',259),
 (2487,'Shalikha',259),
 (2488,'Shatakhali',259),
 (2489,'Talkhari',259),
 (2490,'Atharokhada',260),
 (2491,'BeroilPalita',260),
 (2492,'Bgia',260),
 (2493,'Chaulia',260),
 (2494,'Golapgram',260),
 (2495,'Hazipur',260),
 (2496,'Hazrapur',260),
 (2497,'Jagdal',260),
 (2498,'Kachuddi',260),
 (2499,'Kuchiamora',260),
 (2500,'Moghi',260),
 (2501,'Raghobdair',260),
 (2502,'Satrujitpur',260),
 (2503,'Babukhali',261),
 (2504,'Balidia',261),
 (2505,'Binodepur',261),
 (2506,'Digha',261),
 (2507,'Mohammadpur',261),
 (2508,'Nahata',261),
 (2509,'Palashbaria',261),
 (2510,'Rajapur',261),
 (2511,'Ambalshwar',262),
 (2512,'Dariapur',262),
 (2513,'Gayeshpur',262),
 (2514,'Kadirpara',262),
 (2515,'Nakol',262),
 (2516,'Sabdalpur',262),
 (2517,'Sreekol',262),
 (2518,'Sreepur',262),
 (2519,'Betila-Mitra',263),
 (2520,'Atigram',263),
 (2521,'Bhararia',263),
 (2522,'Dighi',263),
 (2523,'Garpara',263),
 (2524,'Hatipara',263),
 (2525,'Jagir',263),
 (2526,'Krishnapur',263),
 (2527,'Nabagram',263),
 (2528,'Putail',263),
 (2529,'Bachamara',264),
 (2530,'Baghutia',264),
 (2531,'Chakmirpur',264),
 (2532,'CharKatari',264),
 (2533,'Dhamswar',264),
 (2534,'Jiyanpur',264),
 (2535,'Kolia',264),
 (2536,'Khalshi',264),
 (2537,'Azimnagar',265),
 (2538,'Balla',265),
 (2539,'Balra',265),
 (2540,'Boyra',265),
 (2541,'Chala',265),
 (2542,'Dhulsura',265),
 (2543,'Gala',265),
 (2544,'Gopinathpur',265),
 (2545,'Harukandi',265),
 (2546,'Kanchanpur',265),
 (2547,'Lechraganj',265),
 (2548,'Ramkrishnapur',265),
 (2549,'Sutalari',265),
 (2550,'Baliati',266),
 (2551,'Baraid',266),
 (2552,'Daragram',266),
 (2553,'Dighulia',266),
 (2554,'Dhankora',266),
 (2555,'Fukurhati',266),
 (2556,'Hargaz',266),
 (2557,'Saturia',266),
 (2558,'Tilli',266),
 (2559,'Arua',267),
 (2560,'Mohadebpur',267),
 (2561,'Shimulia',267),
 (2562,'Shibalay',267),
 (2563,'Teota',267),
 (2564,'Ulail',267),
 (2565,'Uthuli',267),
 (2566,'Bayra',268),
 (2567,'Baldhara',268),
 (2568,'Chandhar',268),
 (2569,'Charigram',268),
 (2570,'Dhalla',268),
 (2571,'Joymantap',268),
 (2572,'Jarmita',268),
 (2573,'Jamsha',268),
 (2574,'Sayesta',268),
 (2575,'Singair',268),
 (2576,'Talebpur',268),
 (2577,'Baliakhora',269),
 (2578,'Baniajuri',269),
 (2579,'Baratia',269),
 (2580,'Ghior',269),
 (2581,'Nali',269),
 (2582,'Poyla',269),
 (2583,'Singjuri',269),
 (2584,'Bamundi',270),
 (2585,'Dhankhola',270),
 (2586,'Roypur',270),
 (2587,'Kathuli',270),
 (2588,'Kazipur',270),
 (2589,'Mothmura',270),
 (2590,'Shaharbati',270),
 (2591,'Sholataka',270),
 (2592,'Tentulbaria',270),
 (2593,'Bagoan',271),
 (2594,'Dariapur',271),
 (2595,'Mahajonpur',271),
 (2596,'Monakhali',271),
 (2597,'Amdaha',272),
 (2598,'Amjhupi',272),
 (2599,'Buripota',272),
 (2600,'Kutubpur',272),
 (2601,'Pirojpur',272),
 (2602,'Baramchal',273),
 (2603,'Bhatera',273),
 (2604,'Bhakshimail',273),
 (2605,'BramhanBazar',273),
 (2606,'Hajipur',273),
 (2607,'Joychandi',273),
 (2608,'Kadirpur',273),
 (2609,'Karmadha',273),
 (2610,'Kulaura',273),
 (2611,'Prithempasha',273),
 (2612,'Routhgaon',273),
 (2613,'Sharifpur',273),
 (2614,'Tilagaon',273),
 (2615,'Adampur',274),
 (2616,'Alinagar',274),
 (2617,'Islampur',274),
 (2618,'Kamalganj',274),
 (2619,'Madhabpur',274),
 (2620,'MunshiBazar',274),
 (2621,'Patanushar',274),
 (2622,'Rahimpur',274),
 (2623,'Shamshernagar',274),
 (2624,'Akhailkura',275),
 (2625,'Amtail',275),
 (2626,'Chandnighat',275),
 (2627,'Ekatuna',275),
 (2628,'Giasnagar',275),
 (2629,'Kamalpur',275),
 (2630,'Kanakpur',275),
 (2631,'Khalilpur',275),
 (2632,'Manumukh',275),
 (2633,'Mostafapur',275),
 (2634,'Nazirabad',275),
 (2635,'Kagabala',275),
 (2636,'Fatehpur',276),
 (2637,'KamarChak',276),
 (2638,'Mansurnagar',276),
 (2639,'MunshiBazar',276),
 (2640,'Panchgaon',276),
 (2641,'Rajnagar',276),
 (2642,'Tengra',276),
 (2643,'Uttarbhag',276),
 (2644,'Ashidron',277),
 (2645,'Bhunabir',277),
 (2646,'Kashipur',277),
 (2647,'Kalighat',277),
 (2648,'Mirzapur',277),
 (2649,'Rajghat',277),
 (2650,'Satgoan',277),
 (2651,'Sindurkhan',277),
 (2652,'Sreemangal',277),
 (2653,'PaschimJuri',278),
 (2654,'PurbaJuri',278),
 (2655,'Fultala',278),
 (2656,'Goalbari',278),
 (2657,'Jaifarnagar',278),
 (2658,'Sagarnal',278),
 (2659,'Baralekha',279),
 (2660,'Barni',279),
 (2661,'DakshinShahabajpur',279),
 (2662,'DakshinDakshinbhagh',279),
 (2663,'DasherBazar',279),
 (2664,'NijBahadurpur',279),
 (2665,'Sujanagar',279),
 (2666,'UttarDakshinbhag',279),
 (2667,'UttarShahabajpur',279),
 (2668,'Talimpur',279),
 (2669,'Baluakandi',280),
 (2670,'Bausia',280),
 (2671,'Bhaberchar',280),
 (2672,'Gazaria',280),
 (2673,'Guagachhia',280),
 (2674,'Hossaindi',280),
 (2675,'Imampur',280),
 (2676,'Tengerchar',280),
 (2677,'Bejgaon',281),
 (2678,'Boultali',281),
 (2679,'Gaodia',281),
 (2680,'Haldia',281),
 (2681,'Kalma',281),
 (2682,'Kanaksar',281),
 (2683,'Khidirpara',281),
 (2684,'Kumarbhag',281);
INSERT INTO `post_offices` (`id`,`name`,`police_stations_id`) VALUES 
 (2685,'Medinimondal',281),
 (2686,'Teotia',281),
 (2687,'Adhara',282),
 (2688,'Bajrajogini',282),
 (2689,'Charkewar',282),
 (2690,'Shiloye',282),
 (2691,'Mahakali',282),
 (2692,'Mollahkandi',282),
 (2693,'Panchasar',282),
 (2694,'Rampal',282),
 (2695,'Banglabazar',282),
 (2696,'Atpara',283),
 (2697,'Baghra',283),
 (2698,'Baraikhali',283),
 (2699,'Bhagyakul',283),
 (2700,'Birtara',283),
 (2701,'Hasara',283),
 (2702,'Kolapara',283),
 (2703,'Kukutia',283),
 (2704,'Patabhog',283),
 (2705,'Rarikhal',283),
 (2706,'Sreenagar',283),
 (2707,'Sholaghar',283),
 (2708,'Shyamsiddhi',283),
 (2709,'Tantar',283),
 (2710,'Abdullahpur',284),
 (2711,'Baligaon',284),
 (2712,'Autshahi',284),
 (2713,'Betka',284),
 (2714,'Dhipur',284),
 (2715,'Dighirpar',284),
 (2716,'Hasainbanari',284),
 (2717,'Jashalong',284),
 (2718,'Kamarkhara',284),
 (2719,'KathaliaShimulia',284),
 (2720,'Panchgaon',284),
 (2721,'Sonarang',284),
 (2722,'Balurchar',285),
 (2723,'Bashail',285),
 (2724,'Boyaragadi',285),
 (2725,'Chitrakot',285),
 (2726,'Ichhapur',285),
 (2727,'Jainsar',285),
 (2728,'Keyain',285),
 (2729,'Kola',285),
 (2730,'Latabdi',285),
 (2731,'Madhyapara',285),
 (2732,'Malkhanagar',285),
 (2733,'Rajnagar',285),
 (2734,'Rasunia',285),
 (2735,'Sekharnagar',285),
 (2736,'Achargaon',286),
 (2737,'Betagair',286),
 (2738,'Chandipasha',286),
 (2739,'Gangail',286),
 (2740,'Jahangirpur',286),
 (2741,'Kharua',286),
 (2742,'Moazzempur',286),
 (2743,'Musulli',286),
 (2744,'Nandail',286),
 (2745,'Rajgati',286),
 (2746,'Sherpur',286),
 (2747,'Singrail',286),
 (2748,'Amtail',287),
 (2749,'Bhubankura',287),
 (2750,'Bildoara',287),
 (2751,'Dhara',287),
 (2752,'Dhurail',287),
 (2753,'Gazirbhita',287),
 (2754,'Haluaghat',287),
 (2755,'Jugli',287),
 (2756,'Kaichapur',287),
 (2757,'Narail',287),
 (2758,'Sakuai',287),
 (2759,'Swadeshi',287),
 (2760,'Baragram',288),
 (2761,'Basati',288),
 (2762,'Dattagaon',288),
 (2763,'Dulla',288),
 (2764,'Ghoga',288),
 (2765,'Kashempur',288),
 (2766,'Kheruajani',288),
 (2767,'Kumarghata',288),
 (2768,'Mankon',288),
 (2769,'Tarati',288),
 (2770,'Amiabari',289),
 (2771,'Bailar',289),
 (2772,'BaliPara',289),
 (2773,'Dhanikhola',289),
 (2774,'Harirampur',289),
 (2775,'Kanihari',289),
 (2776,'Kanthal',289),
 (2777,'Mathbaria',289),
 (2778,'Mokshapur',289),
 (2779,'Rampur',289),
 (2780,'Sakhua',289),
 (2781,'Trishal',289),
 (2782,'Bagber',290),
 (2783,'DakshinMaijpara',290),
 (2784,'Dobaura',290),
 (2785,'Gamaritala',290),
 (2786,'Guatala',290),
 (2787,'Ghoshgaon',290),
 (2788,'PoraKandulia',290),
 (2789,'Barobaria',291),
 (2790,'CharAlgi',291),
 (2791,'DatterBazar',291),
 (2792,'Gaffargaon',291),
 (2793,'Jessora',291),
 (2794,'Langair',291),
 (2795,'Mashakhali',291),
 (2796,'Niguari',291),
 (2797,'Paithal',291),
 (2798,'Panchbag',291),
 (2799,'Rasulpur',291),
 (2800,'Raona',291),
 (2801,'Saltia',291),
 (2802,'Tengabu',291),
 (2803,'Usthi',291),
 (2804,'AchhimPatuli',292),
 (2805,'Bakta',292),
 (2806,'Balian',292),
 (2807,'Bhabanipur',292),
 (2808,'Dewkhola',292),
 (2809,'Enayetpur',292),
 (2810,'Fulbaria',292),
 (2811,'Kaladaha',292),
 (2812,'Kushmail',292),
 (2813,'Naogaon',292),
 (2814,'Putijana',292),
 (2815,'Radhakanai',292),
 (2816,'Rangamatia',292),
 (2817,'Akua',293),
 (2818,'Ashtadhar',293),
 (2819,'Bhabkhali',293),
 (2820,'BorarChar',293),
 (2821,'CharIshwardia',293),
 (2822,'CharNilaxmia',293),
 (2823,'Dapunia',293),
 (2824,'Ghagra',293),
 (2825,'Boyera(Kewatkhali)',293),
 (2826,'Khagdahar',293),
 (2827,'Kushtia',293),
 (2828,'Paranganj',293),
 (2829,'Sirta',293),
 (2830,'Atharabari',294),
 (2831,'Barahit',294),
 (2832,'Ishwarganj',294),
 (2833,'Jatia',294),
 (2834,'Maijbag',294),
 (2835,'Maktola',294),
 (2836,'Rajibpur',294),
 (2837,'Sarisha',294),
 (2838,'Sohagi',294),
 (2839,'Tarundia',294),
 (2840,'Uchakhila',294),
 (2841,'Balia',295),
 (2842,'Balikhan',295),
 (2843,'Banihala',295),
 (2844,'Bhaitkandi',295),
 (2845,'Bishka',295),
 (2846,'Baola',295),
 (2847,'Dhakua',295),
 (2848,'Galagaon',295),
 (2849,'Kakni',295),
 (2850,'Kamargaon',295),
 (2851,'Kamaria',295),
 (2852,'Payari',295),
 (2853,'Fulpur',295),
 (2854,'Rahimganj',295),
 (2855,'Rambhadrapur',295),
 (2856,'Rampur',295),
 (2857,'Rupasi',295),
 (2858,'Sawndhara',295),
 (2859,'Singheshwar',295),
 (2860,'Tarakanda',295),
 (2861,'Achintapur',296),
 (2862,'Bhangnamari',296),
 (2863,'Bokainagar',296),
 (2864,'Dewhakhula',296),
 (2865,'Gauripur',296),
 (2866,'Myenkanda',296),
 (2867,'Maoha',296),
 (2868,'Ramgopalpur',296),
 (2869,'Sahanati',296),
 (2870,'Sidhla',296),
 (2871,'Bhaluka',297),
 (2872,'Bharadoba',297),
 (2873,'Birunia',297),
 (2874,'Dakatia',297),
 (2875,'Dhitpur',297),
 (2876,'Habirbari',297),
 (2877,'Kachina',297),
 (2878,'Mallikbari',297),
 (2879,'Meduary',297),
 (2880,'Rajai',297),
 (2881,'Uthura',297),
 (2882,'Bhimpur',298),
 (2883,'Chandas',298),
 (2884,'Cheragpur',298),
 (2885,'Enayetpur',298),
 (2886,'Hatur',298),
 (2887,'Khajur',298),
 (2888,'Mahadebpur',298),
 (2889,'Raigaon',298),
 (2890,'Safapur',298),
 (2891,'Uttargram',298),
 (2892,'Aihai',299),
 (2893,'Goala',299),
 (2894,'Patari',299),
 (2895,'Sapahar',299),
 (2896,'Shiranti',299),
 (2897,'Tilna',299),
 (2898,'Baragachh',300),
 (2899,'Ekdala',300),
 (2900,'Gona',300),
 (2901,'Kaligram',300),
 (2902,'Kashimpur',300),
 (2903,'Mirat',300),
 (2904,'Parail',300),
 (2905,'Raninagar',300),
 (2906,'Chhattor',301),
 (2907,'Ganguria',301),
 (2908,'Ghatnagar',301),
 (2909,'Murshidpur',301),
 (2910,'Nitorpur',301),
 (2911,'Tentulia',301),
 (2912,'Akbarpur',302),
 (2913,'Amair',302),
 (2914,'Dibar',302),
 (2915,'Ghoshnagar',302),
 (2916,'Krishnapur',302),
 (2917,'Matindar',302),
 (2918,'Nazipur',302),
 (2919,'Nirmail',302),
 (2920,'Patichara',302),
 (2921,'Patnitala',302),
 (2922,'Shihara',302),
 (2923,'Agradigun',303),
 (2924,'Alampur',303),
 (2925,'Aranagar',303),
 (2926,'Dhamoirhat',303),
 (2927,'Isabpur',303),
 (2928,'Jahanpur',303),
 (2929,'Khelna',303),
 (2930,'Umar',303),
 (2931,'Baktarpur',304),
 (2932,'Balihat',304),
 (2933,'Barshail',304),
 (2934,'Boalia',304),
 (2935,'Moilagachhi',304),
 (2936,'Chandipur',304),
 (2937,'Dubalhat',304),
 (2938,'Hapania',304),
 (2939,'Hashaigarhi',304),
 (2940,'Kirttipur',304),
 (2941,'Shikarpur',304),
 (2942,'Tilakpur',304),
 (2943,'Bahadurpur',305),
 (2944,'Bhabicha',305),
 (2945,'ChandanNagar',305),
 (2946,'Hajinagar',305),
 (2947,'Niamatpur',305),
 (2948,'Parail',305),
 (2949,'Rasulpur',305),
 (2950,'Sreemantapur',305),
 (2951,'Ahsanganj',306),
 (2952,'Bhoupara',306),
 (2953,'Bisha',306),
 (2954,'Hatkalupara',306),
 (2955,'Kalikapur',306),
 (2956,'Maniari',306),
 (2957,'Panchupur',306),
 (2958,'Sahagol',306),
 (2959,'Bhalain',307),
 (2960,'Bharson',307),
 (2961,'Bishnopur',307),
 (2962,'Ganeshpur',307),
 (2963,'Kalikapur',307),
 (2964,'Kansupara',307),
 (2965,'Kashab',307),
 (2966,'Kusumba',307),
 (2967,'Moinam',307),
 (2968,'Manda',307),
 (2969,'Nurullabad',307),
 (2970,'Paranpur',307),
 (2971,'Prasadpur',307),
 (2972,'Tentulia',307),
 (2973,'Adhaipur',308),
 (2974,'Badalgachhi',308),
 (2975,'Balubhara',308),
 (2976,'Bilasbari',308),
 (2977,'Kola',308),
 (2978,'Mathurapur',308),
 (2979,'Midhapur',308),
 (2980,'Paharpur',308),
 (2981,'Auria',309),
 (2982,'Banshgram',309),
 (2983,'Bhadrabila',309),
 (2984,'Bichhali',309),
 (2985,'Chandibarpur',309),
 (2986,'Habakhali',309),
 (2987,'Kalora',309),
 (2988,'Maijpara',309),
 (2989,'Mulia',309),
 (2990,'Sahabad',309),
 (2991,'Shekhhati',309),
 (2992,'Singasholelpur',309),
 (2993,'Tularampur',309),
 (2994,'Dighalia',310),
 (2995,'Itna',310),
 (2996,'Joypur',310),
 (2997,'Kashipur',310),
 (2998,'Kotakol',310),
 (2999,'Lahoria',310),
 (3000,'Laxmipasha',310),
 (3001,'Lohagara',310),
 (3002,'Mallikpur',310),
 (3003,'Naldi',310),
 (3004,'Noagram',310),
 (3005,'Shalnagar',310),
 (3006,'Babrahachla',311),
 (3007,'Baoishona',311),
 (3008,'Chanchuri',311),
 (3009,'Hamidpur',311),
 (3010,'Joynagar',311),
 (3011,'Kalabaria',311),
 (3012,'Khasial',311),
 (3013,'Mauli',311),
 (3014,'Paharbhanga',311),
 (3015,'Peroli',311),
 (3016,'Purulia',311),
 (3017,'Salamabad',311),
 (3018,'Iliasabad',311),
 (3019,'Araihazar',312),
 (3020,'Bishnadi',312),
 (3021,'Brahmandi',312),
 (3022,'Duptara',312),
 (3023,'Fatepur',312),
 (3024,'Haizadi',312),
 (3025,'Kalaipaharia',312),
 (3026,'Khagakanda',312),
 (3027,'Mahmudpur',312),
 (3028,'Sadasadi',312),
 (3029,'Satgram',312),
 (3030,'Uchitpura',312),
 (3031,'Bholabo',313),
 (3032,'Bhulta',313),
 (3033,'Daudpur',313),
 (3034,'Holakandail',313),
 (3035,'Kayetpara',313),
 (3036,'Murapara',313),
 (3037,'Rupganj',313),
 (3038,'Bandar',314),
 (3039,'Dhamgar',314),
 (3040,'Kolagachia',314),
 (3041,'Madanpur',314),
 (3042,'Musapur',314),
 (3043,'Baidyerbazar',315),
 (3044,'Baradi',315),
 (3045,'Jampur',315),
 (3046,'Kachpur',315),
 (3047,'Mograpara',315),
 (3048,'Noagaon',315),
 (3049,'Pirojpur',315),
 (3050,'Sadipur',315),
 (3051,'Shambhupura',315),
 (3052,'Sanmanadi',315),
 (3053,'Alirtek',316),
 (3054,'Baktabali',316),
 (3055,'Enayetnagar',316),
 (3056,'Fatulla',316),
 (3057,'Godnail',316),
 (3058,'Gognagar',316),
 (3059,'Kashipur',316),
 (3060,'Kutubpur',316),
 (3061,'Siddirganj',316),
 (3062,'Sumilpara',316),
 (3063,'Ayubpur',317),
 (3064,'Baghaba',317),
 (3065,'Chakradha',317),
 (3066,'Dulalpur',317),
 (3067,'Joshor',317),
 (3068,'Joynagar',317),
 (3069,'Machhimpur',317),
 (3070,'Putia',317),
 (3071,'Sadharchar',317),
 (3072,'CharSindur',318),
 (3073,'Danga',318),
 (3074,'Gazaria',318),
 (3075,'Jinardi',318),
 (3076,'Alokbali',319),
 (3077,'Amdia',319),
 (3078,'Chardighaldi',319),
 (3079,'Chinishpur',319),
 (3080,'Hajipur',319),
 (3081,'Karimpur',319),
 (3082,'Kathalia',319),
 (3083,'Nuralapur',319),
 (3084,'Mahishasura',319),
 (3085,'Meherpara',319),
 (3086,'Nazarpur',319),
 (3087,'Poikarchar',319),
 (3088,'Panchdona',319),
 (3089,'Silmandi',319),
 (3090,'Adiabad',320),
 (3091,'Alipura',320),
 (3092,'Amirganj',320),
 (3093,'Banshgari',320),
 (3094,'Chanderkandi',320),
 (3095,'Chanpur',320),
 (3096,'CharAralia',320),
 (3097,'Charmadhua',320),
 (3098,'Charsubuddi',320),
 (3099,'Dowkarchar',320),
 (3100,'Hairmara',320),
 (3101,'Maheshpur',320),
 (3102,'Marjal',320),
 (3103,'Mirzanagar',320),
 (3104,'Mirzapur',320),
 (3105,'Mirzarchar',320),
 (3106,'Musapur',320),
 (3107,'Nilakhya',320),
 (3108,'Palashtali',320),
 (3109,'Paratali',320),
 (3110,'Radhanagar',320),
 (3111,'Roypura',320),
 (3112,'Sreenagar',320),
 (3113,'Uttarbakharnagar',320),
 (3114,'Amlaba',321),
 (3115,'Bajnabo',321),
 (3116,'Belabo',321),
 (3117,'Binnabaid',321),
 (3118,'Narayanpur',321),
 (3119,'Patuli',321),
 (3120,'Sallabad',321),
 (3121,'Charujilab',321),
 (3122,'Barachapa',322),
 (3123,'Chalakchar',322),
 (3124,'Chandanbari',322),
 (3125,'Charmandalia',322),
 (3126,'Daulatpur',322),
 (3127,'Akduaria',322),
 (3128,'Gotashia',322),
 (3129,'Kanchikata',322),
 (3130,'Khidirpur',322),
 (3131,'Lebutala',322),
 (3132,'Shukundi',322),
 (3133,'Bagatipara',323),
 (3134,'Dayarampur',323),
 (3135,'Panka',323),
 (3136,'Jamnagar',323),
 (3137,'Faguardiar',323),
 (3138,'Baraigram',324),
 (3139,'Chandail',324),
 (3140,'Gopalpur',324),
 (3141,'Joari',324),
 (3142,'Jonail',324),
 (3143,'Majgaon',324),
 (3144,'Nagar',324),
 (3145,'Biaghat',325),
 (3146,'Chapila',325),
 (3147,'Tharabarisha',325),
 (3148,'Khubjipur',325),
 (3149,'Mushinda',325),
 (3150,'Nazirpur',325),
 (3151,'Arbar',326),
 (3152,'Bilmaria',326),
 (3153,'Chongdhupail',326),
 (3154,'Duaria',326),
 (3155,'Durduria',326),
 (3156,'ArjanpurBaramhati',326),
 (3157,'Ishwardi',326),
 (3158,'Kadamchilan',326),
 (3159,'Lalpur',326),
 (3160,'Walia',326),
 (3161,'Baraharishpur',327),
 (3162,'Biprabelgharia',327),
 (3163,'Brahmapur',327),
 (3164,'Chhatni',327),
 (3165,'Dighapotia',327),
 (3166,'Halsa',327),
 (3167,'Kafuria',327),
 (3168,'Khajura',327),
 (3169,'LaxmipurKholabaria',327),
 (3170,'Madhnagar',327),
 (3171,'Piprul',327),
 (3172,'Tebaria',327),
 (3173,'Chamari',328),
 (3174,'Chhatardighi',328),
 (3175,'Chowgram',328),
 (3176,'Dahia',328),
 (3177,'Hatiandaha',328),
 (3178,'Italy',328),
 (3179,'Kalom',328),
 (3180,'Lalore',328),
 (3181,'RamanandaKhajura',328),
 (3182,'Sherkole',328),
 (3183,'Tajpur',328),
 (3184,'Sukash',328),
 (3185,'Asujia',329),
 (3186,'Balaishimul',329),
 (3187,'Chirang',329),
 (3188,'Dalpa',329),
 (3189,'Garadoba',329),
 (3190,'Ganda',329),
 (3191,'Kandiura',329),
 (3192,'Mashka',329),
 (3193,'Muzaffarpur',329),
 (3194,'Noapara',329),
 (3195,'Paikura',329),
 (3196,'Roailbari',329),
 (3197,'Sandikona',329),
 (3198,'Baniajan',330),
 (3199,'Duaz',330),
 (3200,'Loneshwar',330),
 (3201,'Sawarmusia',330),
 (3202,'Sukhari',330),
 (3203,'Sunai',330),
 (3204,'Teligati',330),
 (3205,'Asma',331),
 (3206,'Barhatta',331),
 (3207,'Bausi',331),
 (3208,'Chhiram',331),
 (3209,'Roypur',331),
 (3210,'Sahata',331),
 (3211,'Singdha',331),
 (3212,'Bakaljora',332),
 (3213,'Birisiri',332),
 (3214,'Chandigarh',332),
 (3215,'Durgapur',332),
 (3216,'Gawakandi',332),
 (3217,'Kakairgara',332),
 (3218,'Kullagara',332),
 (3219,'BaraKhapan',333),
 (3220,'Kailati',333),
 (3221,'Kalmakanda',333),
 (3222,'Kharnai',333),
 (3223,'Lengura',333),
 (3224,'Nazirpur',333),
 (3225,'Pogla',333),
 (3226,'Rangchhati',333),
 (3227,'Fatehpur',334),
 (3228,'Gobindasree',334),
 (3229,'Kaitail',334),
 (3230,'Madan',334),
 (3231,'Maghan',334),
 (3232,'Nayekpur',334),
 (3233,'Tiasree',334),
 (3234,'Changaon',334),
 (3235,'BaraKashiaBirampur',335),
 (3236,'BarataliBanihari',335),
 (3237,'Gaglajore',335),
 (3238,'MaghanSiadhar',335),
 (3239,'SamajSahildeo',335),
 (3240,'Suair',335),
 (3241,'Tentulia',335),
 (3242,'Amtala',336),
 (3243,'Challisha',336),
 (3244,'DakshinBishiura',336),
 (3245,'Kailati',336),
 (3246,'KaliaraGabragati',336),
 (3247,'Laxmiganj',336),
 (3248,'Madanpur',336),
 (3249,'Medni',336),
 (3250,'Maugati',336),
 (3251,'Rauha',336),
 (3252,'SingherBangla',336),
 (3253,'Thakurakona',336),
 (3254,'Agia',337),
 (3255,'Bairati',337),
 (3256,'Bishkakunia',337),
 (3257,'DhalaMulgaon',337),
 (3258,'Ghagra',337),
 (3259,'Gohalakanda',337),
 (3260,'Hogla',337),
 (3261,'Jaria',337),
 (3262,'Khalishaur',337),
 (3263,'Narandia',337),
 (3264,'Purbadhala',337),
 (3265,'Chakua',338),
 (3266,'Khaliajuri',338),
 (3267,'Krishnapur',338),
 (3268,'Mendipur',338),
 (3269,'Nagar',338),
 (3270,'Gazipur',338),
 (3271,'Balapara',339),
 (3272,'Dimla',339),
 (3273,'Gayabari',339),
 (3274,'Jhunagachhchapani',339),
 (3275,'Khalishachapani',339),
 (3276,'Khogakharibari',339),
 (3277,'Naotara',339),
 (3278,'Paschimchhatnai',339),
 (3279,'Purbachhatnai',339),
 (3280,'Tepakharibari',339),
 (3281,'Bamunia',340),
 (3282,'Bhogdaburi',340),
 (3283,'Boragari',340),
 (3284,'Domar',340),
 (3285,'Gomnati',340),
 (3286,'Harinchara',340),
 (3287,'Jorabari',340),
 (3288,'Ketkibari',340),
 (3289,'Pangamutakpur',340),
 (3290,'Sonaroy',340),
 (3291,'Balagram',341),
 (3292,'Daoabari',341),
 (3293,'Dharmapal',341),
 (3294,'Golmunda',341),
 (3295,'Golna',341),
 (3296,'Koimari',341),
 (3297,'Kanthali',341),
 (3298,'Khutamara',341),
 (3299,'Mirganj',341),
 (3300,'Shimulbari',341),
 (3301,'Shoulmari',341),
 (3302,'Bahagili',342),
 (3303,'Barabhita',342),
 (3304,'Chandkhana',342),
 (3305,'Garagram',342),
 (3306,'Kishoreganj',342),
 (3307,'Magura',342),
 (3308,'Nitai',342),
 (3309,'Putimari',342),
 (3310,'Ranachandi',342),
 (3311,'Chaprasaramjani',343),
 (3312,'Charaikhola',343),
 (3313,'Chaorabargachha',343),
 (3314,'Gorgram',343),
 (3315,'Itakhola',343),
 (3316,'Kachukata',343),
 (3317,'Khokshabari',343),
 (3318,'Kundupukur',343),
 (3319,'Laxmichap',343),
 (3320,'Panchapukur',343),
 (3321,'Palashbari',343),
 (3322,'Ramnagar',343),
 (3323,'Songolshi',343),
 (3324,'Sonaroy',343),
 (3325,'Tupamari',343),
 (3326,'Bangalipur',344),
 (3327,'Botlagari',344),
 (3328,'Kamarpukur',344),
 (3329,'Khatamadhupur',344),
 (3330,'Kushirambelpukur',344),
 (3331,'CharAmanullah',345),
 (3332,'CharBata',345),
 (3333,'CharJubaly',345),
 (3334,'CharClerk',345),
 (3335,'CharJabbar',345),
 (3336,'CharWapda',345),
 (3337,'Batya',346),
 (3338,'Chaprashirhat',346),
 (3339,'Ghoshbag',346),
 (3340,'Narottampur',346),
 (3341,'Sundalpur',346),
 (3342,'Ambarnagar',347),
 (3343,'AmishaPara',347),
 (3344,'Bazra',347),
 (3345,'Deoti',347),
 (3346,'Jayag',347),
 (3347,'Nadana',347),
 (3348,'Nateshwar',347),
 (3349,'Sonaimuri',347),
 (3350,'Sonapur',347),
 (3351,'Baragaon',347),
 (3352,'ChashirHat(OldSonaimuri)',347),
 (3353,'Ashwadia',348),
 (3354,'Batya',348),
 (3355,'Binodpur',348),
 (3356,'CharMatua',348),
 (3357,'Dadpur',348),
 (3358,'Ewazbalia',348),
 (3359,'Ghoshbag',348),
 (3360,'KadirHanif',348),
 (3361,'Kaladarap',348),
 (3362,'Narottampur',348),
 (3363,'Noazpur',348),
 (3364,'Noakhali',348),
 (3365,'Noannai',348),
 (3366,'Sundalpur',348),
 (3367,'Badalkut',349),
 (3368,'Hatpukoria',349),
 (3369,'KhilPara',349),
 (3370,'Mohammadpur',349),
 (3371,'Nayakhola',349),
 (3372,'Panchgaon',349),
 (3373,'Parkote',349),
 (3374,'Ramnarayanpur',349),
 (3375,'Sahapur',349),
 (3376,'Alyarpur',350),
 (3377,'Amanullapur',350),
 (3378,'Begumganj',350),
 (3379,'Chhayani',350),
 (3380,'Durgapur',350),
 (3381,'Eklashpur',350),
 (3382,'Gopalpur',350),
 (3383,'Narottampur',350),
 (3384,'Hajipur',350),
 (3385,'Jirtali',350),
 (3386,'Kadirpur',350),
 (3387,'Kutubpur',350),
 (3388,'MirWarishpur',350),
 (3389,'Rajganj',350),
 (3390,'Rasulpur',350),
 (3391,'Sharifpur',350),
 (3392,'CharElahi',351),
 (3393,'CharFakira',351),
 (3394,'CharHazari',351),
 (3395,'CharKakra',351),
 (3396,'CharParbati',351),
 (3397,'Musapur',351),
 (3398,'Rampur',351),
 (3399,'Sirajpur',351),
 (3400,'BurirChar',352),
 (3401,'CharIshwar',352),
 (3402,'CharKing',352),
 (3403,'HarniChanandi',352),
 (3404,'Jahajmara',352),
 (3405,'Nalchira',352),
 (3406,'Sonadia',352),
 (3407,'SukhChar',352),
 (3408,'Tamaruddin',352),
 (3409,'Nijhumdip',352),
 (3410,'Arjuntala',353),
 (3411,'Bijbagh',353),
 (3412,'Chhatarpaia',353),
 (3413,'Dumuria',353),
 (3414,'Kabilpur',353),
 (3415,'Kadra',353),
 (3416,'Kesharpar',353),
 (3417,'Mohammadpur',353),
 (3418,'Nabipur',353),
 (3419,'Chandbha',354),
 (3420,'Debottar',354),
 (3421,'Ekdanta',354),
 (3422,'Laxmipur',354),
 (3423,'Majhpara',354),
 (3424,'Bera',354),
 (3425,'Dhalarchar',354),
 (3426,'HaturiaNakalia',354),
 (3427,'Jatsakini',354),
 (3428,'Masumdia',354),
 (3429,'NatunBharenga',354),
 (3430,'PuranBharenga',354),
 (3431,'Ruppur',354),
 (3432,'Chakla',354),
 (3433,'Kaitola',354),
 (3434,'Beelchalan',355),
 (3435,'Chhoykula',355),
 (3436,'D.B.Gram',355),
 (3437,'Failjana',355),
 (3438,'Gunaigachha',355),
 (3439,'Handial',355),
 (3440,'Haripur',355),
 (3441,'Madhurapur',355),
 (3442,'Mulgram',355),
 (3443,'Nimaichara',355),
 (3444,'Parshwadanga',355),
 (3445,'Banwarinagar',356),
 (3446,'B.L.Bari',356),
 (3447,'Demra',356),
 (3448,'Faridpur',356),
 (3449,'Hadol',356),
 (3450,'Punguli',356),
 (3451,'Dashuria',357),
 (3452,'Laxmikundo',357),
 (3453,'Muladuli',357),
 (3454,'Pakshi',357),
 (3455,'Sahapur',357),
 (3456,'Solimpur',357),
 (3457,'Sara',357),
 (3458,'Ashtamanisha',358),
 (3459,'Bhangura',358),
 (3460,'Dilpashar',358),
 (3461,'Khanmarich',358),
 (3462,'ParBhangura',358),
 (3463,'Ahammadpur',359),
 (3464,'Dulai',359),
 (3465,'Hatkhali',359),
 (3466,'Manikhat',359),
 (3467,'Nazirganj',359),
 (3468,'Raninagar',359),
 (3469,'Sagarkandi',359),
 (3470,'Satbaria',359),
 (3471,'Sujanagar',359),
 (3472,'Tantiband',359),
 (3473,'Ar-Ataikola',360),
 (3474,'Bhulbaria',360),
 (3475,'Dhopadaha',360),
 (3476,'Dhulauri',360),
 (3477,'Gaurigram',360),
 (3478,'Karamja',360),
 (3479,'Kashinathpur',360),
 (3480,'Khetupara',360),
 (3481,'Nagdemra',360),
 (3482,'Nandanpur',360),
 (3483,'Ataikula',361),
 (3484,'Bharara',361),
 (3485,'Chartarapur',361),
 (3486,'Dapunia',361),
 (3487,'Dogachhi',361),
 (3488,'Gayeshpur',361),
 (3489,'Hemayetpur',361),
 (3490,'Malnanchi',361),
 (3491,'Maligachha',361),
 (3492,'Sadullapur',361),
 (3493,'Barashashi',362),
 (3494,'BenghariBanagram',362),
 (3495,'Boda',362),
 (3496,'Chandanbari',362),
 (3497,'Jhaloishalshiri',362),
 (3498,'KajaldighiKaliaganj',362),
 (3499,'Maidandighi',362),
 (3500,'MareaBamanhat',362),
 (3501,'Panchpir',362),
 (3502,'Sakoa',362),
 (3503,'Alowakhaowa',363),
 (3504,'Balarampur',363),
 (3505,'Dhamor',363),
 (3506,'Mirzapur',363),
 (3507,'Radhanagar',363),
 (3508,'Toreya',363),
 (3509,'Changthihazaradanga',364),
 (3510,'Chilahati',364),
 (3511,'Dandapal',364),
 (3512,'Debiduba',364),
 (3513,'Debiganj',364),
 (3514,'Pamuli',364),
 (3515,'Shaldanga',364),
 (3516,'Sonahar',364),
 (3517,'Sundardighi',364),
 (3518,'Tepriganj',364),
 (3519,'Amarkhana',365),
 (3520,'Chaklahat',365),
 (3521,'Hafizabad',365),
 (3522,'Dhakkamara',365),
 (3523,'Garinabari',365),
 (3524,'Haribhasha',365),
 (3525,'KamatKajaldighi',365),
 (3526,'Magura',365),
 (3527,'Panchagarh',365),
 (3528,'Satmera',365),
 (3529,'Banglabandha',366),
 (3530,'Bhajonpur',366),
 (3531,'Debnagar',366),
 (3532,'Buraburi',366),
 (3533,'Salbahan',366),
 (3534,'Tentulia',366),
 (3535,'Tirnoihat',366),
 (3536,'Amkhola',367),
 (3537,'Bakulbaria',367),
 (3538,'BaraBaisdia',367),
 (3539,'Chalitabunia',367),
 (3540,'CharKajal',367),
 (3541,'ChhotaBaisdia',367),
 (3542,'Chiknikandi',367),
 (3543,'Dakua',367),
 (3544,'Galachipa',367),
 (3545,'Golkhali',367),
 (3546,'Panpatty',367),
 (3547,'Rangabali',367),
 (3548,'RatandiTaltali',367),
 (3549,'CharBishwas',367),
 (3550,'CharMontaj',367),
 (3551,'Gazalia',367),
 (3552,'Kallyankalas',367),
 (3553,'Chiknikandi',367),
 (3554,'Dakua',367),
 (3555,'Golkhali',367),
 (3556,'Panpatty',367),
 (3557,'RatandiTaltali',367),
 (3558,'Kallyankalas',367),
 (3559,'Alipura',368),
 (3560,'Bahrampur',368),
 (3561,'Banshbaria',368),
 (3562,'BetagiSankipur',368),
 (3563,'Dashmina',368),
 (3564,'Rangopaldi',368),
 (3565,'Chakamaiya',369),
 (3566,'Khaprabhanga',369),
 (3567,'Dhulaswar',369),
 (3568,'Lalua',369),
 (3569,'LataChapli',369),
 (3570,'Dhankhali',369),
 (3571,'Mithaganj',369),
 (3572,'Nilganj',369),
 (3573,'Tiakhali',369),
 (3574,'Amragachhia',370),
 (3575,'DeuliSubidkhali',370),
 (3576,'Kakrabunia',370),
 (3577,'Mazidbaria',370),
 (3578,'Madhabkhali',370),
 (3579,'Mirzaganj',370),
 (3580,'Badarpur',371),
 (3581,'ChhotaBighai',371),
 (3582,'Auliapur',371),
 (3583,'Itabaria',371),
 (3584,'Jainkathi',371),
 (3585,'BaraBighai',371),
 (3586,'Kalikapur',371),
 (3587,'Kamalapur',371),
 (3588,'Lowkathi',371),
 (3589,'Lohalia',371),
 (3590,'Madarbunia',371),
 (3591,'Marichbunia',371),
 (3592,'Angaria',372),
 (3593,'Lebukhali',372),
 (3594,'Muradia',372),
 (3595,'Pangashia',372),
 (3596,'Adabaria',373),
 (3597,'Boga',373),
 (3598,'Bauphal',373),
 (3599,'Daspara',373),
 (3600,'Dhulia',373),
 (3601,'KanchiPara',373),
 (3602,'Kalaiya',373),
 (3603,'Kalisuri',373),
 (3604,'Kanakdia',373),
 (3605,'Keshabpur',373),
 (3606,'Madanpura',373),
 (3607,'Nowmala',373),
 (3608,'Nazirpur',373),
 (3609,'Surjyamani',373),
 (3610,'BaliPara',374),
 (3611,'Parerhat',374),
 (3612,'Pattashi',374),
 (3613,'Durgapur',375),
 (3614,'Kadamtola',375),
 (3615,'Kalakhali',375),
 (3616,'Shankarpasha',375),
 (3617,'Sariktola',375),
 (3618,'SikdarMollik',375),
 (3619,'Toana',375),
 (3620,'Dirgha',376),
 (3621,'PurbaDeulbaridobra',376),
 (3622,'Malikhali',376),
 (3623,'Matibhanga',376),
 (3624,'Nazirpur',376),
 (3625,'Sekhmatia',376),
 (3626,'Shankharikathi',376),
 (3627,'Sreeramkathi',376),
 (3628,'AtgharKutiana',377),
 (3629,'Baldia',377),
 (3630,'Daihari',377),
 (3631,'Guarekha',377),
 (3632,'Jalabari',377),
 (3633,'Samudaykati',377),
 (3634,'Sarengkati',377),
 (3635,'Sohagdal',377),
 (3636,'Sutiakathi',377),
 (3637,'Nesarabad(Swarupkathi)',377),
 (3638,'Bhandaria',378),
 (3639,'Bhitabaria',378),
 (3640,'Dhaoa',378),
 (3641,'Gauripur',378),
 (3642,'Ishri',378),
 (3643,'Nadmulla',378),
 (3644,'Telikhali',378),
 (3645,'Amrachuri',379),
 (3646,'ChiraParaParsaturia',379),
 (3647,'Kawkhali',379),
 (3648,'SaynaRaghunathpur',379),
 (3649,'Shialkathi',379),
 (3650,'Amragachhia',380),
 (3651,'BaraMachhua',380),
 (3652,'BetmoreRajpara',380),
 (3653,'Daudkhali',380),
 (3654,'Dhanisapa',380),
 (3655,'Gulishakhali',380),
 (3656,'Mathbaria',380),
 (3657,'Mirukhali',380),
 (3658,'Sapleza',380),
 (3659,'Tikikata',380),
 (3660,'Tushkhali',380),
 (3661,'Baharpur',381),
 (3662,'Baliakandi',381),
 (3663,'Jamalpur',381),
 (3664,'Jangal',381),
 (3665,'Narua',381),
 (3666,'Nawabpur',381),
 (3667,'Islampur',381),
 (3668,'Chhotabhakla',382),
 (3669,'Daulatdia',382),
 (3670,'Debagram',382),
 (3671,'Ujanchar',382),
 (3672,'Bahadurpur',383),
 (3673,'Habashpur',383),
 (3674,'Jhashai',383),
 (3675,'Kalimahar',383),
 (3676,'Kasbamajail',383),
 (3677,'Machhpara',383),
 (3678,'Maurat',383),
 (3679,'Babupara',383),
 (3680,'Patta',383),
 (3681,'Sarisha',383),
 (3682,'Alipur',384),
 (3683,'Banibaha',384),
 (3684,'Barat',384),
 (3685,'Basantapur',384),
 (3686,'Chandani',384),
 (3687,'Dadshi',384),
 (3688,'Khankhanapur',384),
 (3689,'Khanganj',384),
 (3690,'Mizanpur',384),
 (3691,'Mulghar',384),
 (3692,'Panchuria',384),
 (3693,'Ramkantapur',384),
 (3694,'ShahidWahabpur',384),
 (3695,'Sultanpur',384),
 (3696,'Boalia',385),
 (3697,'Kalikapur',385),
 (3698,'Majbari',385),
 (3699,'Madapur',385),
 (3700,'Mrigi',385),
 (3701,'Ratandia',385),
 (3702,'Sawrail',385),
 (3703,'Basudebpur',386),
 (3704,'CharAshariadaha',386),
 (3705,'Dewpara',386),
 (3706,'Godagari',386),
 (3707,'Gogram',386),
 (3708,'Matikata',386),
 (3709,'Mohanpur',386),
 (3710,'Pakri',386),
 (3711,'Rishikul',386),
 (3712,'Baragachhi',387),
 (3713,'Damkur',387),
 (3714,'DarshanPara',387),
 (3715,'Haragram',387),
 (3716,'Harian',387),
 (3717,'Haripur',387),
 (3718,'HujuriPara',387),
 (3719,'Parila',387),
 (3720,'Arani',388),
 (3721,'Bajubagha',388),
 (3722,'Bausa',388),
 (3723,'Gargari',388),
 (3724,'Manigram',388),
 (3725,'Pakuria',388),
 (3726,'Aichpara',389),
 (3727,'Barabihanoli',389),
 (3728,'Basupara',389),
 (3729,'Dwippur',389),
 (3730,'Goalkandi',389),
 (3731,'GobindaPara',389),
 (3732,'Ganipur',389),
 (3733,'Hamirkutsha',389),
 (3734,'Jhikra',389),
 (3735,'Jogipara',389),
 (3736,'Maria',389),
 (3737,'Nordas',389),
 (3738,'Sreepur',389),
 (3739,'Sonadanga',389),
 (3740,'Subhadanga',389),
 (3741,'Kachari-Koalipara',389),
 (3742,'BhayaLaxmipur',390),
 (3743,'Charghat',390),
 (3744,'Yousufpur',390),
 (3745,'Nimpara',390),
 (3746,'Salua',390),
 (3747,'Sardah',390),
 (3748,'Deluabari',391),
 (3749,'Pananagar',391),
 (3750,'Jhaluka',391),
 (3751,'Joynagar',391),
 (3752,'Kismatgankoir',391),
 (3753,'Maria',391),
 (3754,'Nowpara',391),
 (3755,'Bachshimuil',392),
 (3756,'Dhurail',392),
 (3757,'Ghasigram',392),
 (3758,'Jahanabad',392),
 (3759,'Mougachhi',392),
 (3760,'Royghati',392),
 (3761,'Baneshwar',393),
 (3762,'Belpukuria',393),
 (3763,'Bhalukgachhi',393),
 (3764,'Jewpara',393),
 (3765,'Puthia',393),
 (3766,'Silmaria',393),
 (3767,'Badhair',394),
 (3768,'Kalma',394),
 (3769,'Kamargaon',394),
 (3770,'Pachandar',394),
 (3771,'Soronjai',394),
 (3772,'Talonda',394),
 (3773,'Chanduria',394),
 (3774,'KakraChhari(B.Halia)',395),
 (3775,'GhilaChhari',395),
 (3776,'Gaindya',395),
 (3777,'BelaiChhari',396),
 (3778,'Farua',396),
 (3779,'KangraChhari',396),
 (3780,'BandukBhanga',397),
 (3781,'Balukhali',397),
 (3782,'Jibtali',397),
 (3783,'KutukChhari',397),
 (3784,'Magban',397),
 (3785,'Sapchhari',397),
 (3786,'BaghaiChhari',398),
 (3787,'Bangaltali',398),
 (3788,'Saroatali',398),
 (3789,'Kedarmara',398),
 (3790,'Marishya',398),
 (3791,'Rupakari',398),
 (3792,'Sajek',398),
 (3793,'Chandraghona',399),
 (3794,'Chitmarang',399),
 (3795,'Kaptai',399),
 (3796,'Raikhali',399),
 (3797,'Waggya',399),
 (3798,'Burighat',400),
 (3799,'GhilaChhari',400),
 (3800,'Naniarchar',400),
 (3801,'Sabekhyong',400),
 (3802,'BanjugiChhara',401),
 (3803,'Dumdumya',401),
 (3804,'JuraiChhari',401),
 (3805,'Maidang',401),
 (3806,'Atarkara',402),
 (3807,'BhasanyaAdam',402),
 (3808,'Bagachattar',402),
 (3809,'Gulshakhali',402),
 (3810,'Kalapakurjya',402),
 (3811,'Langadu',402),
 (3812,'Mayanimukh',402),
 (3813,'Barkal',402),
 (3814,'AimaChhara',402),
 (3815,'BaraHarina',402),
 (3816,'Barkal',402),
 (3817,'BhushanChhara',402),
 (3818,'Shublong',402),
 (3819,'Betbunia',403),
 (3820,'FatikChhari',403),
 (3821,'Ghagra',403),
 (3822,'Kalampati',403),
 (3823,'Annadannagar',404),
 (3824,'Chhaola',404),
 (3825,'Itakumari',404),
 (3826,'Koikuri',404),
 (3827,'Kalyani',404),
 (3828,'Kandi',404),
 (3829,'Parul',404),
 (3830,'Pirgachha',404),
 (3831,'Tambulpur',404),
 (3832,'Chandanpat',405),
 (3833,'Darshana',405),
 (3834,'Haridebpur',405),
 (3835,'Mominpur',405),
 (3836,'Parswuram',405),
 (3837,'Rajendrapur',405),
 (3838,'Sadyapushkarini',405),
 (3839,'Satgara',405),
 (3840,'Tampat',405),
 (3841,'Tapodhon',405),
 (3842,'Uttam',405),
 (3843,'BaraAlampur',406),
 (3844,'BaraDargah',406),
 (3845,'Bhendabari',406),
 (3846,'Chaitrakal',406),
 (3847,'Chatra',406),
 (3848,'Kabilpur',406),
 (3849,'Kumedpur',406),
 (3850,'Madankhali',406),
 (3851,'Mithipur',406),
 (3852,'Panchgachhi',406),
 (3853,'Pirganj',406),
 (3854,'Roypur',406),
 (3855,'Ramnathpur',406),
 (3856,'Shanerhat',406),
 (3857,'Tukuria',406),
 (3858,'Baluamasimpur',407),
 (3859,'Barabala',407),
 (3860,'BaraHazratpur',407),
 (3861,'Balarhat',407),
 (3862,'Bhangni',407),
 (3863,'Chengmari',407),
 (3864,'Durgapur',407),
 (3865,'Imadpur',407),
 (3866,'Gopalpur',407),
 (3867,'Kafrikhal',407),
 (3868,'Khoragachh',407),
 (3869,'Latibpur',407),
 (3870,'Malonpur',407),
 (3871,'Mirzapur',407),
 (3872,'Moyenpur',407),
 (3873,'Pairaband',407),
 (3874,'Ranipukur',407),
 (3875,'Alampur',408),
 (3876,'Ikarchali',408),
 (3877,'Hariarkuthi',408),
 (3878,'Kursha',408),
 (3879,'Sayar',408),
 (3880,'Haragachh',409),
 (3881,'KauniaBalapara',409),
 (3882,'Kursha',409),
 (3883,'Sarai',409),
 (3884,'Shahidbagh',409),
 (3885,'Tepamadhupur',409),
 (3886,'Alambiditor',410),
 (3887,'Barabil',410),
 (3888,'Betgari',410),
 (3889,'Gangachara',410),
 (3890,'Gajaghanta',410),
 (3891,'Kholeya',410),
 (3892,'Kolkond',410),
 (3893,'Laxmitari',410),
 (3894,'Maraneya',410),
 (3895,'Nohali',410),
 (3896,'Bishnupur',411),
 (3897,'Damodarpur',411),
 (3898,'Gopalpur',411),
 (3899,'Gopinathpur',411),
 (3900,'Kutubpur',411),
 (3901,'Lohanipara',411),
 (3902,'Madhupur',411),
 (3903,'Radhanagar',411),
 (3904,'Ramnathpur',411),
 (3905,'Kalupara',411),
 (3906,'Anulia',412),
 (3907,'Assasuni',412),
 (3908,'Baradal',412),
 (3909,'Badhhata',412),
 (3910,'Dargahpur',412),
 (3911,'Khajra',412),
 (3912,'Kulla',412),
 (3913,'Pratapnagar',412),
 (3914,'Sobhnali',412),
 (3915,'Sreeula',412),
 (3916,'Kadakati',412),
 (3917,'Chandanpur',413),
 (3918,'Deara',413),
 (3919,'Koyla',413),
 (3920,'Helatola',413),
 (3921,'Jalalabad',413),
 (3922,'Joynagar',413),
 (3923,'Jugikhali',413),
 (3924,'Kerakati',413),
 (3925,'Keralkata',413),
 (3926,'Kushadanga',413),
 (3927,'Langoljhara',413),
 (3928,'Sonabaria',413),
 (3929,'Alipur',414),
 (3930,'Agordari',414),
 (3931,'Bekari',414),
 (3932,'Bolli',414),
 (3933,'Banshdaha',414),
 (3934,'Bhomra',414),
 (3935,'Bramharajpur',414),
 (3936,'Fingri',414),
 (3937,'Dhulihar',414),
 (3938,'Ghona',414),
 (3939,'Jhaudanga',414),
 (3940,'Kuskhali',414),
 (3941,'Labsa',414),
 (3942,'Shibpur',414),
 (3943,'Bharasimla',415),
 (3944,'Bishnupur',415),
 (3945,'Champaphul',415),
 (3946,'Dakshinsreepur',415),
 (3947,'Dhalbaria',415),
 (3948,'Krishnanagar',415),
 (3949,'Kushlia',415),
 (3950,'Mathureshpur',415),
 (3951,'Motala',415),
 (3952,'Nalta',415),
 (3953,'Ratanpur',415),
 (3954,'Tarali',415),
 (3955,'Debhata',416),
 (3956,'Kulia',416),
 (3957,'Noapara',416),
 (3958,'Parulia',416),
 (3959,'Sakhipur',416),
 (3960,'Atulia',417),
 (3961,'Surulia',417),
 (3962,'Burigoalini',417),
 (3963,'Gabura',417),
 (3964,'Ishwaripur',417),
 (3965,'Koikhali',417),
 (3966,'Kashimari',417),
 (3967,'Munshiganj',417),
 (3968,'Nurnagar',417),
 (3969,'Padmapukur',417),
 (3970,'Ramjannagar',417),
 (3971,'Shyamnagar',417),
 (3972,'Dhandia',418),
 (3973,'Islamkati',418),
 (3974,'Jalalpur',418),
 (3975,'Khalilnagar',418),
 (3976,'Khaliskhali',418),
 (3977,'Khesra',418),
 (3978,'Kumira',418),
 (3979,'Magura',418),
 (3980,'Nagarghata',418),
 (3981,'Sarulia',418),
 (3982,'Tala',418),
 (3983,'Tentulia',418),
 (3984,'Baruhas',419),
 (3985,'Deshigram',419),
 (3986,'Maidnagar',419),
 (3987,'Magurabinod',419),
 (3988,'Naogaon',419),
 (3989,'Saguna',419),
 (3990,'Talom',419),
 (3991,'Tarash',419),
 (3992,'Bangala',420),
 (3993,'Barahar',420),
 (3994,'BaraPangashi',420),
 (3995,'Durganagar',420),
 (3996,'HatiKumrul',420),
 (3997,'Mohanpur',420),
 (3998,'Panchakroshi',420),
 (3999,'Purnimagati',420),
 (4000,'Ramkrishnapur',420),
 (4001,'Salonga',420),
 (4002,'Salap',420),
 (4003,'Udunia',420),
 (4004,'Ullapara',420),
 (4005,'Bagbati',421),
 (4006,'Bahuli',421),
 (4007,'Kaliaharipur',421),
 (4008,'Kawrakhola',421),
 (4009,'Khoksabari',421),
 (4010,'Mechhra',421),
 (4011,'Ratankandi',421),
 (4012,'Sardabad',421),
 (4013,'Shialkol',421),
 (4014,'Chhangachh',421),
 (4015,'Beltail',422),
 (4016,'Gala',422),
 (4017,'Garadaha',422),
 (4018,'Jalalpur',422),
 (4019,'Koijuri',422),
 (4020,'Kayempur',422),
 (4021,'Khukni',422),
 (4022,'Narina',422),
 (4023,'Porajona',422),
 (4024,'Potajia',422),
 (4025,'Rupabati',422),
 (4026,'HabullahNagar',422),
 (4027,'Sonatani',422),
 (4028,'Brahmagachh',423),
 (4029,'Chandaikona',423),
 (4030,'Dhamainagar',423),
 (4031,'Dhangara',423),
 (4032,'Dhubil',423),
 (4033,'Ghurkha',423),
 (4034,'Nalka',423),
 (4035,'Pangashi',423),
 (4036,'Sonakhara',423),
 (4037,'Chargirish',424),
 (4038,'Chalitadanga',424),
 (4039,'Gondhail',424),
 (4040,'Kazipur',424),
 (4041,'Khasrabari',424),
 (4042,'Maijbari',424),
 (4043,'Natuarpara',424),
 (4044,'Nishchintapur',424),
 (4045,'Sonamukhi',424),
 (4046,'Subhagachha',424),
 (4047,'Tekani',424),
 (4048,'Moonsurnagar',424),
 (4049,'Ghorjan',425),
 (4050,'Umarpur',425),
 (4051,'Sadiachandpur',425),
 (4052,'Sthal',425),
 (4053,'Khashkawlia',425),
 (4054,'Khashpukuria',425),
 (4055,'Baghutia',425),
 (4056,'Baradhul',426),
 (4057,'Belkuchi',426),
 (4058,'Bhangabari',426),
 (4059,'Daulatpur',426),
 (4060,'Dhakuriabera',426),
 (4061,'Rajapur',426),
 (4062,'Bhadraghat',427),
 (4063,'Jamtair',427),
 (4064,'Baol',427),
 (4065,'Roydaulatpur',427),
 (4066,'Arshinagar',428),
 (4067,'CharBhaga',428),
 (4068,'CharKumaria',428),
 (4069,'Chhaygaon',428),
 (4070,'D.M.Khali',428),
 (4071,'Kanchikata',428),
 (4072,'Mahisar',428),
 (4073,'Narayanpur',428),
 (4074,'Rambhadrapur',428),
 (4075,'Sakhipur',428),
 (4076,'Tarabunia(U)',428),
 (4077,'Tarabunia(D)',428),
 (4078,'CharSensus',428),
 (4079,'Islampur',429),
 (4080,'DarulAman',429),
 (4081,'Dhankati',429),
 (4082,'Kaneshwar',429),
 (4083,'PurbaDamudya',429),
 (4084,'Sidulkura',429),
 (4085,'Sidya',429),
 (4086,'GariberChar',430),
 (4087,'Gosairhat',430),
 (4088,'Idilpur',430),
 (4089,'Kodalpur',430),
 (4090,'Nagerpara',430),
 (4091,'Nalmuri',430),
 (4092,'Samantasar',430),
 (4093,'Bhojeshwar',431),
 (4094,'Bhumkhara',431),
 (4095,'Bijhari',431),
 (4096,'Chamta',431),
 (4097,'CharAtra',431),
 (4098,'DingaManik',431),
 (4099,'Fatejangapur',431),
 (4100,'Gharisar',431),
 (4101,'Japsa',431),
 (4102,'Kedarpur',431),
 (4103,'Moktarerchar',431),
 (4104,'Nashason',431),
 (4105,'Nawpara',431),
 (4106,'Rajnagar',431),
 (4107,'Angaria',432),
 (4108,'Binodpur',432),
 (4109,'Chandrapur',432),
 (4110,'Chikandi',432),
 (4111,'Chitalia',432),
 (4112,'Bhomsar',432),
 (4113,'Mahmudpur',432),
 (4114,'Palong',432),
 (4115,'Rudrakar',432),
 (4116,'Shoulpara',432),
 (4117,'Tulasar',432),
 (4118,'BaraGopalpur',433),
 (4119,'Barakandi',433),
 (4120,'B.K.Nagar',433),
 (4121,'Bilaspur',433),
 (4122,'Joynagar',433),
 (4123,'KunderChar',433),
 (4124,'Mulna',433),
 (4125,'Naodoba',433),
 (4126,'PalerChar',433),
 (4127,'PurbaNaodoba',433),
 (4128,'SenerChar',433),
 (4129,'Zanjira',433),
 (4130,'Baneshwardi',434),
 (4131,'Chandrakona',434),
 (4132,'CharAshtadhar',434),
 (4133,'Ganapaddi',434),
 (4134,'Gourdwar',434),
 (4135,'Nakla',434),
 (4136,'Pathakata',434),
 (4137,'Talki',434),
 (4138,'Urpha',434),
 (4139,'Dhansail',435),
 (4140,'Gauripur',435),
 (4141,'Hatibandha',435),
 (4142,'Malijhikanda',435),
 (4143,'Jhenaigati',435),
 (4144,'Kangsa',435),
 (4145,'Nalkura',435),
 (4146,'Baghber',436),
 (4147,'Jogania',436),
 (4148,'Kakrakandi',436),
 (4149,'Marichpuran',436),
 (4150,'Nalitabari',436),
 (4151,'Poragaon',436),
 (4152,'Nunni',436),
 (4153,'Nayabil',436),
 (4154,'Rajnagar',436),
 (4155,'Ramchandrakura',436),
 (4156,'Rupnarayankura',436),
 (4157,'Kalaspar',436),
 (4158,'Bajitkhila',437),
 (4159,'BalyerChar',437),
 (4160,'Bhatsala',437),
 (4161,'BetmariGhughurakandi',437),
 (4162,'CharMucharia',437),
 (4163,'CharPakshimari',437),
 (4164,'CharSherpur',437),
 (4165,'Dhala',437),
 (4166,'GazirKhamar',437),
 (4167,'KamarerChar',437),
 (4168,'Kamaria',437),
 (4169,'Laxmanpur',437),
 (4170,'Pakuria',437),
 (4171,'RauhaBetmari',437),
 (4172,'Bhelua',438),
 (4173,'Garjaripa',438),
 (4174,'Gosaipur',438),
 (4175,'Kakilakura',438),
 (4176,'KhariaKazirChar',438),
 (4177,'Kurikahania',438),
 (4178,'RaniShimul',438),
 (4179,'SingaBaruna',438),
 (4180,'Sreebardi',438),
 (4181,'Tantihati',438),
 (4182,'Dorgapasha',439),
 (4183,'Joykalas',439),
 (4184,'Patharia',439),
 (4185,'Shimulbak',439),
 (4186,'PaschimBirgaon',439),
 (4187,'PaschimPagla',439),
 (4188,'PurbaBirgoan',439),
 (4189,'PurbaPagla',439),
 (4190,'DakshinBadaghat',440),
 (4191,'Dhanpur',440),
 (4192,'Fatehpur',440),
 (4193,'Palash',440),
 (4194,'Salukabad',440),
 (4195,'Balijuri',441),
 (4196,'DakshinSreepur',441),
 (4197,'DakshinBaradal',441),
 (4198,'Tahirpur',441),
 (4199,'Badaghat',441),
 (4200,'UttarBaradal',441),
 (4201,'UttarSreepur',441),
 (4202,'Aptabnagar',442),
 (4203,'Gourararang',442),
 (4204,'Laxmansree',442),
 (4205,'Mohanpur',442),
 (4206,'MollahPara',442),
 (4207,'RangarChar',442),
 (4208,'Surma',442),
 (4209,'Jahangirnagar',442),
 (4210,'Atgaon',443),
 (4211,'Bahara',443),
 (4212,'Habibpur',443),
 (4213,'Salla',443),
 (4214,'Beheli',444),
 (4215,'Bhimkhali',444),
 (4216,'Fenarbak',444),
 (4217,'Jamalganj',444),
 (4218,'SachnaBazar',444),
 (4219,'Asharkandi',445),
 (4220,'Haldipur',445),
 (4221,'Kalkalia',445),
 (4222,'Mirpur',445),
 (4223,'Pailgaon',445),
 (4224,'Patali',445),
 (4225,'Raniganj',445),
 (4226,'Sayedpur-Saharpara',445),
 (4227,'Fenshuganj',445),
 (4228,'Gilachara',445),
 (4229,'Maizgaon',445),
 (4230,'BanglaBazar',446),
 (4231,'Dowarabazar',446),
 (4232,'Duhalia',446),
 (4233,'Laxmipur',446),
 (4234,'Mannargaon',446),
 (4235,'Narsingpur',446),
 (4236,'Pandergaon',446),
 (4237,'DakshinSukhair',447),
 (4238,'Chamardani',447),
 (4239,'DakshinBongshikunda',447),
 (4240,'Dharmapasha',447),
 (4241,'Joysree',447),
 (4242,'Madhyanagar',447),
 (4243,'Paikorati',447),
 (4244,'Selborash',447),
 (4245,'UttarSukhairRajapur',447),
 (4246,'UttarBangshikunda',447),
 (4247,'Bhatgaon',448),
 (4248,'Chhatak',448),
 (4249,'Charmahalla',448),
 (4250,'DularBazar',448),
 (4251,'DakshinKhurma',448),
 (4252,'Islampur',448),
 (4253,'JawaBazar',448),
 (4254,'Kalaruka',448),
 (4255,'Noarai',448),
 (4256,'Sedergaon',448),
 (4257,'Afzalabad',448),
 (4258,'SingChapair',448),
 (4259,'UttarKhurma',448),
 (4260,'BhatiPara',449),
 (4261,'CharnarChar',449),
 (4262,'Sarmangal',449),
 (4263,'Jasdhal',449),
 (4264,'Karimpur',449),
 (4265,'Kulanja',449),
 (4266,'Rafinagar',449),
 (4267,'Rajanagar',449),
 (4268,'Taral',449),
 (4269,'IslampurPaschim',450),
 (4270,'RanikhaliUttar',450),
 (4271,'Telikhal',450),
 (4272,'IslampurPurba',450),
 (4273,'Ichhakalash',450),
 (4274,'DakshinRanikhai',450),
 (4275,'BaraChatul',451),
 (4276,'DakshinBanigram',451),
 (4277,'Jhingabari',451),
 (4278,'Kanaighat',451),
 (4279,'PaschimLaxmiPrasad',451),
 (4280,'Shatbank',451),
 (4281,'PurbaLaxmiPrasad',451),
 (4282,'PurbaDighirpar',451),
 (4283,'Rajaganj',451),
 (4284,'Baraikandi',452),
 (4285,'Daudpur',452),
 (4286,'Jalalpur',452),
 (4287,'Kuchai',452),
 (4288,'LalBazar',452),
 (4289,'MogalBazar',452),
 (4290,'Mollargaon',452),
 (4291,'Silam',452),
 (4292,'Tetli',452),
 (4293,'Barahal',453),
 (4294,'BaraThakuri',453),
 (4295,'Birasree',453),
 (4296,'KasKanakpur',453),
 (4297,'Kajalshah',453),
 (4298,'Kholachhara',453),
 (4299,'Manikpur',453),
 (4300,'Sultanpur',453),
 (4301,'Zakiganj',453),
 (4302,'Hatkhola',454),
 (4303,'Jalalabad',454),
 (4304,'Kandigaon',454),
 (4305,'Khadimnagar',454),
 (4306,'KhadimPara',454),
 (4307,'Mogalgaon',454),
 (4308,'TukerBazar',454),
 (4309,'Tultikar',454),
 (4310,'Charikata',455),
 (4311,'Darbasta',455),
 (4312,'Fatehpur',455),
 (4313,'Jointapur',455),
 (4314,'Nijpat',455),
 (4315,'Chikangul',455),
 (4316,'Alirgaon',456),
 (4317,'Fatehpur',456),
 (4318,'Lengura',456),
 (4319,'Nandirgaon',456),
 (4320,'PaschimJaflong',456),
 (4321,'PurbaJaflong',456),
 (4322,'Rustampur',456),
 (4323,'Towakul',456),
 (4324,'Fenchuganj',457),
 (4325,'Gilachhara',457),
 (4326,'Maijgaon',457),
 (4327,'Alankari',458),
 (4328,'Bishwanath',458),
 (4329,'Daulatpur',458),
 (4330,'Deokalas',458),
 (4331,'Dasghar',458),
 (4332,'Khazanchi',458),
 (4333,'LamaKazi',458),
 (4334,'Rampasha',458),
 (4335,'Alinagar',459),
 (4336,'Mollahpur',459),
 (4337,'Charkhai',459),
 (4338,'Dubag',459),
 (4339,'KurarBazar',459),
 (4340,'Lauta',459),
 (4341,'Mathiura',459),
 (4342,'Muria',459),
 (4343,'Sheola',459),
 (4344,'Tilpara',459),
 (4345,'Balaganj',460),
 (4346,'Boaljur',460),
 (4347,'BurongaBazar',460),
 (4348,'Dayamir',460),
 (4349,'DewanBazar',460),
 (4350,'GoalBazar',460),
 (4351,'Omarpur',460),
 (4352,'Osmanpur',460),
 (4353,'PashchimGauripur',460),
 (4354,'PurbaPawlanpur',460),
 (4355,'PurbaGauripur',460),
 (4356,'Sadipur',460),
 (4357,'Tajpur',460),
 (4358,'PashchimPawlanpur',460),
 (4359,'PaschimAmura',461),
 (4360,'Bagha',461),
 (4361,'Bhadeshwar',461),
 (4362,'Badhubari',461),
 (4363,'DhakaDakshin',461),
 (4364,'Fulbari',461),
 (4365,'Golabganj',461),
 (4366,'LaxmiPasha',461),
 (4367,'Sharifganj',461),
 (4368,'Lakshanaband',461),
 (4369,'UttarBadePasha',461),
 (4370,'Anehola',462),
 (4371,'Deulabari',462),
 (4372,'Deopara',462),
 (4373,'DhalaPara',462),
 (4374,'Digalkandi',462),
 (4375,'Digar',462),
 (4376,'Ghatail',462),
 (4377,'Jamuria',462),
 (4378,'LukerPara',462),
 (4379,'Rasulpur',462),
 (4380,'Sandhanpur',462),
 (4381,'Baheratail',463),
 (4382,'Gazaria',463),
 (4383,'Hatibandha',463),
 (4384,'Jadabpur',463),
 (4385,'Kakrajan',463),
 (4386,'Kalia',463),
 (4387,'Ajgana',464),
 (4388,'Anautara',464),
 (4389,'Bahuria',464),
 (4390,'Banail',464),
 (4391,'Banshtail',464),
 (4392,'Bhatgram',464),
 (4393,'Fatehpur',464),
 (4394,'Gorai',464),
 (4395,'Jamurki',464),
 (4396,'Mahera',464),
 (4397,'Tarafpur',464),
 (4398,'Uarsi',464),
 (4399,'Baghil',465),
 (4400,'Danya',465),
 (4401,'Gala',465),
 (4402,'Gharinda',465),
 (4403,'Hugra',465),
 (4404,'Karatia',465),
 (4405,'Katuli',465),
 (4406,'Kakua',465),
 (4407,'Mahera',465),
 (4408,'Silimpur',465),
 (4409,'Porabari',465),
 (4410,'MahmoodNagar',465),
 (4411,'Alokdia',466),
 (4412,'Arankhola',466),
 (4413,'Ausnara',466),
 (4414,'Birtara',466),
 (4415,'Dhanbari',466),
 (4416,'Dhopakhali',466),
 (4417,'Golabari',466),
 (4418,'Musuddi',466),
 (4419,'Paiska',466),
 (4420,'Sholakuri',466),
 (4421,'Mirzabari',466),
 (4422,'Balla',467),
 (4423,'Bangra',467),
 (4424,'BirBasinda',467),
 (4425,'Durgapur',467),
 (4426,'Elenga',467),
 (4427,'KokDahara',467),
 (4428,'Nagbari',467),
 (4429,'Narandia',467),
 (4430,'Paikara',467),
 (4431,'Salla',467),
 (4432,'Sahadebpur',467),
 (4433,'Alamnagar',468),
 (4434,'Dhopakandi',468),
 (4435,'Hadia',468),
 (4436,'Hemnagar',468),
 (4437,'Jhaoail',468),
 (4438,'Mirzapur',468),
 (4439,'NaglaSimla',468),
 (4440,'Bhadra',469),
 (4441,'Bharara',469),
 (4442,'Doptiair',469),
 (4443,'Dhubaria',469),
 (4444,'Gayhata',469),
 (4445,'Mamudnagar',469),
 (4446,'Mokna',469),
 (4447,'Nagarpur',469),
 (4448,'Pakutia',469),
 (4449,'Sahabatpur',469),
 (4450,'Salimabad',469),
 (4451,'BekrhiAtgram',469),
 (4452,'Arjuna',470),
 (4453,'Falda',470),
 (4454,'Gaksara',470),
 (4455,'Gobindabasi',470),
 (4456,'Nikrail',470),
 (4457,'Aloa',470),
 (4458,'Basail',471),
 (4459,'Fulki',471),
 (4460,'Habla',471),
 (4461,'Kanchanpur',471),
 (4462,'Kashil',471),
 (4463,'Kauljani',471),
 (4464,'Birtara',472),
 (4465,'Dhanbari',472),
 (4466,'Dhopakhali',472),
 (4467,'Musuddi',472),
 (4468,'Paiska',472),
 (4469,'Atia',473),
 (4470,'Delduar',473),
 (4471,'Deoli',473),
 (4472,'Dubail',473),
 (4473,'Elasin',473),
 (4474,'Fazilhati',473),
 (4475,'Lauhati',473),
 (4476,'Pathrail',473),
 (4477,'Akacha',474),
 (4478,'Akhanagar',474),
 (4479,'Auliapur',474),
 (4480,'Begunbari',474),
 (4481,'Balia',474),
 (4482,'Baragaon',474),
 (4483,'Chilarang',474),
 (4484,'Debipur',474),
 (4485,'Goreya',474),
 (4486,'Jagannathpur',474),
 (4487,'Jamalpur',474),
 (4488,'Mohammadpur',474),
 (4489,'Nargun',474),
 (4490,'Rahimanpur',474),
 (4491,'Roypur',474),
 (4492,'Rajagaon',474),
 (4493,'Ruheea',474),
 (4494,'Salandar',474),
 (4495,'Sukanpukuri',474),
 (4496,'Amjankhore',475),
 (4497,'Barabari',475),
 (4498,'Barapalashbari',475),
 (4499,'Bhanor',475),
 (4500,'Charol',475),
 (4501,'Dhantola',475),
 (4502,'Duosuo',475),
 (4503,'Paria',475),
 (4504,'Amgaon',476),
 (4505,'Bakua',476),
 (4506,'Bhaturia',476),
 (4507,'Dangipara',476),
 (4508,'Gedura',476),
 (4509,'Haripur',476),
 (4510,'Beerchuna',477),
 (4511,'Bhomradaha',477),
 (4512,'Daulatpur',477),
 (4513,'Hajipur',477),
 (4514,'Jabarhat',477),
 (4515,'Khangaon',477),
 (4516,'Kosharaniganj',477),
 (4517,'Pirganj',477),
 (4518,'Sayedpur',477),
 (4519,'Sengaon',477),
 (4520,'Bachor',478),
 (4521,'Dharmagarh',478),
 (4522,'Hossaingaon',478),
 (4523,'Kashipur',478),
 (4524,'Lehemba',478),
 (4525,'Nekmarad',478),
 (4526,'Nanduar',478),
 (4527,'Rator',478);
/*!40000 ALTER TABLE `post_offices` ENABLE KEYS */;


--
-- Definition of table `price_type`
--

DROP TABLE IF EXISTS `price_type`;
CREATE TABLE `price_type` (
  `id` int(5) unsigned NOT NULL AUTO_INCREMENT,
  `name` varchar(50) NOT NULL DEFAULT '',
  `description` varchar(200) NOT NULL DEFAULT '',
  PRIMARY KEY (`id`)
) ENGINE=InnoDB AUTO_INCREMENT=6 DEFAULT CHARSET=latin1;

--
-- Dumping data for table `price_type`
--

/*!40000 ALTER TABLE `price_type` DISABLE KEYS */;
INSERT INTO `price_type` (`id`,`name`,`description`) VALUES 
 (1,'Hourly Rate',''),
 (2,'Flat Fee',''),
 (3,'Percentage of the Event',''),
 (4,'Day-of Coordination',''),
 (5,'Vendor Commission','');
/*!40000 ALTER TABLE `price_type` ENABLE KEYS */;


--
-- Definition of table `role`
--

DROP TABLE IF EXISTS `role`;
CREATE TABLE `role` (
  `id` int(11) unsigned NOT NULL AUTO_INCREMENT,
  `name` varchar(255) NOT NULL,
  `date` timestamp NOT NULL DEFAULT CURRENT_TIMESTAMP,
  `update` timestamp NOT NULL DEFAULT CURRENT_TIMESTAMP ON UPDATE CURRENT_TIMESTAMP,
  `update_by` int(11) DEFAULT NULL,
  `user_id` int(11) unsigned NOT NULL,
  `Ucreate` tinyint(1) NOT NULL DEFAULT '0',
  `Uupdate` tinyint(1) NOT NULL DEFAULT '0',
  `Udelete` tinyint(1) NOT NULL DEFAULT '0',
  `Uselect` tinyint(1) NOT NULL DEFAULT '0',
  `Ualter` tinyint(1) NOT NULL DEFAULT '0',
  PRIMARY KEY (`id`)
) ENGINE=InnoDB AUTO_INCREMENT=12 DEFAULT CHARSET=latin1;

--
-- Dumping data for table `role`
--

/*!40000 ALTER TABLE `role` DISABLE KEYS */;
INSERT INTO `role` (`id`,`name`,`date`,`update`,`update_by`,`user_id`,`Ucreate`,`Uupdate`,`Udelete`,`Uselect`,`Ualter`) VALUES 
 (1,'Super Admin','2018-10-04 13:37:20','2018-10-04 13:37:20',NULL,0,1,1,1,1,1),
 (2,'Admin','2018-10-04 13:37:20','2018-10-04 13:37:20',NULL,1,1,1,1,1,1),
 (3,'Sub Admin','2018-10-04 13:37:20','2018-10-04 13:37:20',NULL,0,1,1,1,1,1),
 (4,'Adminestrator','2018-10-04 13:37:20','2019-01-20 19:24:29',NULL,4,1,1,0,1,0),
 (5,'Sub Adminestrator','2018-10-04 13:37:20','2018-10-04 13:37:20',NULL,0,1,1,1,1,1),
 (6,'employe','2018-10-04 13:37:20','2018-12-01 12:00:01',NULL,0,1,1,1,0,0),
 (7,'client','2018-10-04 13:37:20','2018-12-01 12:00:01',NULL,1,0,1,1,0,0),
 (8,'student','2018-10-04 13:37:20','2018-10-04 13:37:20',NULL,0,1,1,1,0,0),
 (9,'speaker','2018-10-04 13:37:20','2019-01-20 19:25:59',NULL,4,1,1,0,1,0),
 (10,'user','2018-10-04 13:37:20','2018-10-08 04:07:27',NULL,0,1,1,1,1,0),
 (11,'applicant','2018-10-04 13:37:20','2019-01-20 19:57:24',NULL,4,0,0,1,1,1);
/*!40000 ALTER TABLE `role` ENABLE KEYS */;


--
-- Definition of table `speaker`
--

DROP TABLE IF EXISTS `speaker`;
CREATE TABLE `speaker` (
  `id` int(10) unsigned NOT NULL AUTO_INCREMENT,
  `speaker_id` int(10) unsigned NOT NULL DEFAULT '0',
  `event_id` int(10) unsigned NOT NULL DEFAULT '0',
  `user_id` int(10) unsigned NOT NULL DEFAULT '0',
  `status` int(1) unsigned NOT NULL DEFAULT '0',
  PRIMARY KEY (`id`)
) ENGINE=InnoDB AUTO_INCREMENT=2 DEFAULT CHARSET=latin1;

--
-- Dumping data for table `speaker`
--

/*!40000 ALTER TABLE `speaker` DISABLE KEYS */;
INSERT INTO `speaker` (`id`,`speaker_id`,`event_id`,`user_id`,`status`) VALUES 
 (1,2,5,4,1);
/*!40000 ALTER TABLE `speaker` ENABLE KEYS */;


--
-- Definition of table `speaker_det`
--

DROP TABLE IF EXISTS `speaker_det`;
CREATE TABLE `speaker_det` (
  `id` int(10) unsigned NOT NULL AUTO_INCREMENT,
  `name` varchar(45) NOT NULL DEFAULT '',
  `contuct` varchar(15) NOT NULL DEFAULT '',
  `address` varchar(45) NOT NULL DEFAULT '',
  PRIMARY KEY (`id`)
) ENGINE=InnoDB AUTO_INCREMENT=4 DEFAULT CHARSET=latin1;

--
-- Dumping data for table `speaker_det`
--

/*!40000 ALTER TABLE `speaker_det` DISABLE KEYS */;
INSERT INTO `speaker_det` (`id`,`name`,`contuct`,`address`) VALUES 
 (1,'abdulla al masud','01812334720','mohammodpur'),
 (2,'robiul hosain','01722186100','jakatola'),
 (3,'mohibur rahman','01679041842','dhanmondi');
/*!40000 ALTER TABLE `speaker_det` ENABLE KEYS */;


--
-- Definition of table `taicket_available`
--

DROP TABLE IF EXISTS `taicket_available`;
CREATE TABLE `taicket_available` (
  `id` int(10) unsigned NOT NULL AUTO_INCREMENT,
  `event_id` int(10) unsigned NOT NULL DEFAULT '0',
  `type_id` int(10) unsigned NOT NULL DEFAULT '0',
  `total_qty` int(10) unsigned NOT NULL DEFAULT '0',
  PRIMARY KEY (`id`)
) ENGINE=InnoDB AUTO_INCREMENT=51 DEFAULT CHARSET=latin1;

--
-- Dumping data for table `taicket_available`
--

/*!40000 ALTER TABLE `taicket_available` DISABLE KEYS */;
INSERT INTO `taicket_available` (`id`,`event_id`,`type_id`,`total_qty`) VALUES 
 (1,1,1,0),
 (2,1,2,1000),
 (3,1,3,200),
 (4,1,4,300),
 (5,1,5,500),
 (6,2,1,1000),
 (7,2,2,998),
 (8,2,3,195),
 (9,2,4,300),
 (10,2,5,500),
 (11,3,1,0),
 (12,3,2,0),
 (13,3,3,0),
 (14,3,4,0),
 (15,4,1,1000),
 (16,4,2,998),
 (17,4,3,200),
 (18,4,4,295),
 (19,4,5,500),
 (20,5,1,1000),
 (21,5,2,1000),
 (22,5,3,300),
 (23,5,4,200),
 (24,5,5,500),
 (25,6,1,1000),
 (26,6,2,1000),
 (27,6,3,300),
 (28,6,4,180),
 (29,6,5,500),
 (30,7,1,1000),
 (31,7,2,1000),
 (32,7,3,300),
 (33,7,4,190),
 (34,7,5,500),
 (35,8,1,1000),
 (36,8,2,1000),
 (37,8,3,300),
 (38,8,4,200),
 (39,8,5,500),
 (40,9,1,1000),
 (41,9,2,1000),
 (42,9,3,300),
 (43,9,4,200),
 (44,9,5,500),
 (45,10,1,1000),
 (46,10,2,1000),
 (47,10,3,300),
 (48,10,4,200),
 (49,10,5,500),
 (50,3,5,0);
/*!40000 ALTER TABLE `taicket_available` ENABLE KEYS */;


--
-- Definition of table `ticket_event`
--

DROP TABLE IF EXISTS `ticket_event`;
CREATE TABLE `ticket_event` (
  `id` int(10) unsigned NOT NULL AUTO_INCREMENT,
  `ticket_type` varchar(45) NOT NULL DEFAULT '',
  `event_id` varchar(45) NOT NULL DEFAULT '',
  `s_qty` int(10) unsigned NOT NULL DEFAULT '0',
  `s_amount` int(10) unsigned NOT NULL DEFAULT '0',
  `s_date` datetime DEFAULT NULL,
  `user_id` int(10) unsigned NOT NULL DEFAULT '0',
  `discount` int(10) unsigned NOT NULL DEFAULT '0',
  PRIMARY KEY (`id`)
) ENGINE=InnoDB AUTO_INCREMENT=7 DEFAULT CHARSET=latin1;

--
-- Dumping data for table `ticket_event`
--

/*!40000 ALTER TABLE `ticket_event` DISABLE KEYS */;
INSERT INTO `ticket_event` (`id`,`ticket_type`,`event_id`,`s_qty`,`s_amount`,`s_date`,`user_id`,`discount`) VALUES 
 (1,'2','2',2,3600,NULL,0,400),
 (2,'4','4',5,22500,NULL,0,2500),
 (3,'3','2',5,0,NULL,0,0),
 (4,'4','7',10,40000,NULL,0,10000),
 (5,'4','6',20,85000,NULL,0,15000),
 (6,'2','4',2,3600,NULL,4,400);
/*!40000 ALTER TABLE `ticket_event` ENABLE KEYS */;


--
-- Definition of table `ticket_type`
--

DROP TABLE IF EXISTS `ticket_type`;
CREATE TABLE `ticket_type` (
  `id` int(50) unsigned NOT NULL AUTO_INCREMENT,
  `name` varchar(45) NOT NULL DEFAULT '',
  `price` varchar(45) NOT NULL DEFAULT '',
  `qty` decimal(10,0) NOT NULL DEFAULT '0',
  PRIMARY KEY (`id`)
) ENGINE=InnoDB AUTO_INCREMENT=6 DEFAULT CHARSET=latin1;

--
-- Dumping data for table `ticket_type`
--

/*!40000 ALTER TABLE `ticket_type` DISABLE KEYS */;
INSERT INTO `ticket_type` (`id`,`name`,`price`,`qty`) VALUES 
 (1,'General ','500','1000'),
 (2,'VIP','2000','1000'),
 (3,'Rrserved Seating','0','200'),
 (4,'Multy Day Pass','5000','300'),
 (5,'Gift','0','500');
/*!40000 ALTER TABLE `ticket_type` ENABLE KEYS */;


--
-- Definition of table `total_attendence`
--

DROP TABLE IF EXISTS `total_attendence`;
CREATE TABLE `total_attendence` (
  `id` int(10) unsigned NOT NULL AUTO_INCREMENT,
  `event_id` int(20) unsigned NOT NULL DEFAULT '0',
  `e_date` datetime NOT NULL DEFAULT '0000-00-00 00:00:00',
  `num_of_attend` int(10) unsigned NOT NULL DEFAULT '0',
  PRIMARY KEY (`id`)
) ENGINE=InnoDB DEFAULT CHARSET=latin1;

--
-- Dumping data for table `total_attendence`
--

/*!40000 ALTER TABLE `total_attendence` DISABLE KEYS */;
/*!40000 ALTER TABLE `total_attendence` ENABLE KEYS */;


--
-- Definition of table `transport`
--

DROP TABLE IF EXISTS `transport`;
CREATE TABLE `transport` (
  `id` int(10) unsigned NOT NULL AUTO_INCREMENT,
  `event_id` varchar(45) NOT NULL DEFAULT '',
  `transport_id` varchar(45) DEFAULT NULL,
  `from_location` varchar(45) DEFAULT NULL,
  `seate_capacity` int(10) unsigned DEFAULT NULL,
  `user_id` int(10) unsigned NOT NULL DEFAULT '0',
  `c_date` datetime NOT NULL DEFAULT '0000-00-00 00:00:00',
  `status` int(1) unsigned DEFAULT NULL,
  PRIMARY KEY (`id`)
) ENGINE=InnoDB AUTO_INCREMENT=13 DEFAULT CHARSET=latin1;

--
-- Dumping data for table `transport`
--

/*!40000 ALTER TABLE `transport` DISABLE KEYS */;
INSERT INTO `transport` (`id`,`event_id`,`transport_id`,`from_location`,`seate_capacity`,`user_id`,`c_date`,`status`) VALUES 
 (1,'8','2','',500,4,'0000-00-00 00:00:00',0),
 (2,'7','2','',500,4,'0000-00-00 00:00:00',1),
 (3,'',NULL,NULL,NULL,4,'0000-00-00 00:00:00',NULL),
 (4,'','2',NULL,500,4,'0000-00-00 00:00:00',NULL),
 (5,'','2',NULL,500,4,'0000-00-00 00:00:00',NULL),
 (6,'5','2',NULL,500,4,'0000-00-00 00:00:00',NULL),
 (7,'2','2',NULL,500,4,'0000-00-00 00:00:00',1),
 (8,'3',NULL,NULL,NULL,4,'0000-00-00 00:00:00',0),
 (9,'3','3',NULL,500,4,'0000-00-00 00:00:00',1),
 (10,'4','2',NULL,500,4,'0000-00-00 00:00:00',1),
 (11,'10','4',NULL,500,4,'0000-00-00 00:00:00',1),
 (12,'11',NULL,NULL,NULL,4,'0000-00-00 00:00:00',0);
/*!40000 ALTER TABLE `transport` ENABLE KEYS */;


--
-- Definition of table `transport_name`
--

DROP TABLE IF EXISTS `transport_name`;
CREATE TABLE `transport_name` (
  `id` int(10) unsigned NOT NULL AUTO_INCREMENT,
  `t_name` varchar(50) NOT NULL DEFAULT '',
  `phone` varchar(20) NOT NULL DEFAULT '',
  `address` varchar(200) NOT NULL DEFAULT '',
  `c_date` datetime NOT NULL DEFAULT CURRENT_TIMESTAMP ON UPDATE CURRENT_TIMESTAMP,
  PRIMARY KEY (`id`)
) ENGINE=InnoDB AUTO_INCREMENT=8 DEFAULT CHARSET=latin1;

--
-- Dumping data for table `transport_name`
--

/*!40000 ALTER TABLE `transport_name` DISABLE KEYS */;
INSERT INTO `transport_name` (`id`,`t_name`,`phone`,`address`,`c_date`) VALUES 
 (1,'Star Line','01812334720','242,Titipara , Daka,','2018-12-09 10:41:22'),
 (2,'Hanip Transport','01679041842','345,gavtoli','2018-12-09 10:41:22'),
 (3,'Jonaka','01679041842','443,Titipara , Daka,','2018-12-09 10:41:27'),
 (4,'Himasal','01679041842','567,Titipara , Daka,','2018-12-09 10:41:22'),
 (5,'Tisha','01679041842','242,Titipara , Daka,','2018-12-09 10:41:22'),
 (6,'Prience','01679041842','654,Titipara , Daka,','2018-12-09 10:41:22'),
 (7,'Prime','01679041832','242,Titipara , Daka,','2018-12-09 10:41:22');
/*!40000 ALTER TABLE `transport_name` ENABLE KEYS */;


--
-- Definition of table `users`
--

DROP TABLE IF EXISTS `users`;
CREATE TABLE `users` (
  `id` int(11) unsigned NOT NULL AUTO_INCREMENT,
  `username` varchar(255) NOT NULL,
  `password` varchar(255) NOT NULL,
  `role_id` int(10) unsigned NOT NULL DEFAULT '0',
  `profile_id` int(11) unsigned NOT NULL DEFAULT '0',
  `last_login` timestamp NOT NULL DEFAULT CURRENT_TIMESTAMP ON UPDATE CURRENT_TIMESTAMP,
  `faild_login` int(3) unsigned DEFAULT NULL,
  `lastupdate` timestamp NOT NULL DEFAULT CURRENT_TIMESTAMP,
  `updateby` varchar(255) DEFAULT NULL,
  `current_active` tinyint(1) NOT NULL DEFAULT '0',
  `status` tinyint(1) NOT NULL DEFAULT '0',
  `location` varchar(255) DEFAULT NULL,
  PRIMARY KEY (`id`)
) ENGINE=InnoDB AUTO_INCREMENT=20 DEFAULT CHARSET=latin1;

--
-- Dumping data for table `users`
--

/*!40000 ALTER TABLE `users` DISABLE KEYS */;
INSERT INTO `users` (`id`,`username`,`password`,`role_id`,`profile_id`,`last_login`,`faild_login`,`lastupdate`,`updateby`,`current_active`,`status`,`location`) VALUES 
 (1,'mohib','mohib100',1,0,'2018-11-30 18:11:07',NULL,'2018-11-29 19:41:30',NULL,1,1,NULL),
 (2,'jafor','jafor100',1,0,'2018-11-30 18:11:07',NULL,'2018-11-29 19:41:30',NULL,0,0,NULL),
 (3,'liton','liton100',2,0,'2018-11-30 18:11:07',NULL,'2018-11-29 19:41:30',NULL,0,1,NULL),
 (4,'admin','admin100',3,0,'2018-11-30 18:11:07',NULL,'2018-11-29 19:41:30',NULL,1,1,NULL),
 (5,'mohib','123456',7,19,'2018-12-01 13:14:57',NULL,'2018-12-01 13:14:57',NULL,0,0,NULL),
 (6,'mohib','123456',7,20,'2018-12-01 13:15:42',NULL,'2018-12-01 13:15:42',NULL,0,0,NULL),
 (7,'mohib','123456',7,21,'2018-12-01 13:17:31',NULL,'2018-12-01 13:17:31',NULL,0,0,NULL),
 (8,'mohib','123456',7,22,'2018-12-01 13:21:14',NULL,'2018-12-01 13:21:14',NULL,0,0,NULL),
 (9,'mohib','123456',7,23,'2018-12-01 13:21:17',NULL,'2018-12-01 13:21:17',NULL,0,0,NULL),
 (10,'mohib','123456',7,24,'2018-12-01 13:30:56',NULL,'2018-12-01 13:30:56',NULL,0,0,NULL),
 (11,'mohib','123456',7,25,'2018-12-01 16:23:46',NULL,'2018-12-01 16:23:46',NULL,0,0,NULL),
 (12,'mohib','123456',7,26,'2018-12-01 16:57:59',NULL,'2018-12-01 16:57:59',NULL,0,0,NULL),
 (13,'mohib','123245',6,1,'2018-12-02 10:40:28',NULL,'2018-12-02 10:40:28',NULL,0,0,NULL),
 (14,'mohib','123456',7,1,'2018-12-02 10:40:57',NULL,'2018-12-02 10:40:57',NULL,0,0,NULL),
 (15,'mohib','123245',6,2,'2018-12-02 10:52:57',NULL,'2018-12-02 10:52:57',NULL,0,0,NULL),
 (16,'atik','1232856',6,3,'2018-12-02 16:16:01',NULL,'2018-12-02 16:16:01',NULL,0,0,NULL),
 (17,'mohib','1232856',6,4,'2018-12-02 19:18:36',NULL,'2018-12-02 19:18:36',NULL,0,0,NULL),
 (18,'mohib','123456',7,2,'2018-12-02 20:03:53',NULL,'2018-12-02 20:03:53',NULL,0,0,NULL),
 (19,'mustafij','1234',7,3,'2019-01-20 14:47:17',NULL,'2019-01-20 14:47:17',NULL,0,0,NULL);
/*!40000 ALTER TABLE `users` ENABLE KEYS */;


--
-- Definition of table `vendor`
--

DROP TABLE IF EXISTS `vendor`;
CREATE TABLE `vendor` (
  `id` int(5) unsigned NOT NULL AUTO_INCREMENT,
  `name` varchar(100) NOT NULL DEFAULT '',
  `phone` varchar(20) NOT NULL DEFAULT '',
  `address` varchar(200) NOT NULL DEFAULT '',
  `country` varchar(100) NOT NULL DEFAULT '',
  PRIMARY KEY (`id`)
) ENGINE=InnoDB AUTO_INCREMENT=17 DEFAULT CHARSET=latin1;

--
-- Dumping data for table `vendor`
--

/*!40000 ALTER TABLE `vendor` DISABLE KEYS */;
INSERT INTO `vendor` (`id`,`name`,`phone`,`address`,`country`) VALUES 
 (1,'Band','','',''),
 (2,'Cade','','',''),
 (3,'Calligraphy','','',''),
 (4,'Designer','','',''),
 (5,'Dress','','',''),
 (6,'Florist','','',''),
 (7,'Hair & Makeup','','',''),
 (8,'Lighting & Decor','','',''),
 (9,'Limo','','',''),
 (10,'Music & Entertainment','','',''),
 (11,'Officiannt','','',''),
 (12,'Photographer','','',''),
 (13,'Rentals','','',''),
 (14,'Stationer','','',''),
 (15,'Videographers','','',''),
 (16,'Others','','','');
/*!40000 ALTER TABLE `vendor` ENABLE KEYS */;


--
-- Definition of table `venue`
--

DROP TABLE IF EXISTS `venue`;
CREATE TABLE `venue` (
  `id` int(10) unsigned NOT NULL AUTO_INCREMENT,
  `v_name` varchar(100) NOT NULL DEFAULT '',
  `location` varchar(100) NOT NULL DEFAULT '',
  `address` varchar(100) NOT NULL DEFAULT '',
  `album_id` int(20) unsigned NOT NULL DEFAULT '0',
  PRIMARY KEY (`id`)
) ENGINE=InnoDB AUTO_INCREMENT=21 DEFAULT CHARSET=latin1;

--
-- Dumping data for table `venue`
--

/*!40000 ALTER TABLE `venue` DISABLE KEYS */;
INSERT INTO `venue` (`id`,`v_name`,`location`,`address`,`album_id`) VALUES 
 (1,' Pan Pacific Sonargaon ,Dhaka','Dhaka','505,karwon Bazar,Farmgate',1),
 (2,'Ruposhi Bangla Hotel ,Dhaka','Dhaka','505,karwon Bazar,Shahbag',2),
 (3,'Radison, Dhaka','Cumilla','505,Janggalia,poduar bazar',3),
 (4,' Meridien ,Cumilla','Cumilla','',0),
 (5,'Westin , Chittagong','Chittagong','',0),
 (6,' Water Garden Dhaka','Dhaka','',0),
 (7,'Dhaka Regency Hotel','Khulna','',0),
 (8,'Platinum Suites','Cumilla','',0),
 (9,'Hotel Sarina Dhaka','Jashor','',0),
 (10,'The Olives Residence','Dhaka','',0),
 (11,'Inani Royal Resort','Chittagong','',0),
 (12,'Green View Resort Center','Coxbazar','',0),
 (13,'The Cox Beach Resort','Bandorbon','',0),
 (14,'Divine Eco Resort','Dhaka','',0),
 (15,'Arunima Resort Golf Club','Dhaka','',0),
 (16,'Dream Hokiday Park','Dhaka','',0),
 (17,'Nondon Park','Dhaka','',0),
 (18,'Boshondhora Convention Center','Dhaka','',0),
 (19,'Bangabondu Convention Center','Dhaka','',0),
 (20,'Other','','',0);
/*!40000 ALTER TABLE `venue` ENABLE KEYS */;




/*!40101 SET SQL_MODE=@OLD_SQL_MODE */;
/*!40014 SET FOREIGN_KEY_CHECKS=@OLD_FOREIGN_KEY_CHECKS */;
/*!40014 SET UNIQUE_CHECKS=@OLD_UNIQUE_CHECKS */;
/*!40101 SET CHARACTER_SET_CLIENT=@OLD_CHARACTER_SET_CLIENT */;
/*!40101 SET CHARACTER_SET_RESULTS=@OLD_CHARACTER_SET_RESULTS */;
/*!40101 SET COLLATION_CONNECTION=@OLD_COLLATION_CONNECTION */;
/*!40101 SET CHARACTER_SET_CLIENT=@OLD_CHARACTER_SET_CLIENT */;
